game_id,season,week,gameday,away_team,home_team,home_score,away_score,home_win_actual,incumbent_home_win_prob,predicted_winner,confidence_bucket,qb_source
2025_01_DAL_PHI,2025,1,2025-09-04,DAL,PHI,24,20,1.0,0.7632,PHI,70-80,oracle
2025_01_TB_ATL,2025,1,2025-09-07,TB,ATL,20,23,0.0,0.4565,TB,50-55,oracle
2025_01_CIN_CLE,2025,1,2025-09-07,CIN,CLE,16,17,0.0,0.3523,CIN,50-55,oracle
2025_01_MIA_IND,2025,1,2025-09-07,MIA,IND,33,8,1.0,0.5195,IND,50-55,oracle
2025_01_CAR_JAX,2025,1,2025-09-07,CAR,JAX,26,10,1.0,0.5284,JAX,50-55,oracle
2025_01_LV_NE,2025,1,2025-09-07,LV,NE,13,20,0.0,0.5193,NE,50-55,oracle
2025_01_ARI_NO,2025,1,2025-09-07,ARI,NO,13,20,0.0,0.4667,ARI,50-55,oracle
2025_01_PIT_NYJ,2025,1,2025-09-07,PIT,NYJ,32,34,0.0,0.4361,PIT,50-55,oracle
2025_01_NYG_WAS,2025,1,2025-09-07,NYG,WAS,21,6,1.0,0.7459,WAS,70-80,oracle
2025_01_TEN_DEN,2025,1,2025-09-07,TEN,DEN,20,12,1.0,0.7162,DEN,70-80,oracle
2025_01_SF_SEA,2025,1,2025-09-07,SF,SEA,13,17,0.0,0.642,SEA,60-65,oracle
2025_01_DET_GB,2025,1,2025-09-07,DET,GB,27,13,1.0,0.3656,DET,50-55,oracle
2025_01_HOU_LA,2025,1,2025-09-07,HOU,LA,14,9,1.0,0.5708,LA,55-60,oracle
2025_01_BAL_BUF,2025,1,2025-09-07,BAL,BUF,41,40,1.0,0.5962,BUF,55-60,oracle
2025_01_MIN_CHI,2025,1,2025-09-08,MIN,CHI,24,27,0.0,0.3309,MIN,50-55,oracle
2025_02_WAS_GB,2025,2,2025-09-11,WAS,GB,27,18,1.0,0.5419,GB,50-55,oracle
2025_02_CLE_BAL,2025,2,2025-09-14,CLE,BAL,41,17,1.0,0.7412,BAL,70-80,oracle
2025_02_JAX_CIN,2025,2,2025-09-14,JAX,CIN,31,27,1.0,0.7036,CIN,70-80,oracle
2025_02_NYG_DAL,2025,2,2025-09-14,NYG,DAL,40,37,1.0,0.6511,DAL,65-70,oracle
2025_02_CHI_DET,2025,2,2025-09-14,CHI,DET,52,21,1.0,0.7529,DET,70-80,oracle
2025_02_NE_MIA,2025,2,2025-09-14,NE,MIA,27,33,0.0,0.6049,MIA,60-65,oracle
2025_02_SF_NO,2025,2,2025-09-14,SF,NO,21,26,0.0,0.6044,NO,60-65,oracle
2025_02_BUF_NYJ,2025,2,2025-09-14,BUF,NYJ,10,30,0.0,0.2415,BUF,50-55,oracle
2025_02_SEA_PIT,2025,2,2025-09-14,SEA,PIT,17,31,0.0,0.5644,PIT,55-60,oracle
2025_02_LA_TEN,2025,2,2025-09-14,LA,TEN,19,33,0.0,0.2597,LA,50-55,oracle
2025_02_CAR_ARI,2025,2,2025-09-14,CAR,ARI,27,22,1.0,0.665,ARI,65-70,oracle
2025_02_DEN_IND,2025,2,2025-09-14,DEN,IND,29,28,1.0,0.5497,IND,50-55,oracle
2025_02_PHI_KC,2025,2,2025-09-14,PHI,KC,17,20,0.0,0.4608,PHI,50-55,oracle
2025_02_ATL_MIN,2025,2,2025-09-14,ATL,MIN,6,22,0.0,0.7322,MIN,70-80,oracle
2025_02_TB_HOU,2025,2,2025-09-15,TB,HOU,19,20,0.0,0.4905,TB,50-55,oracle
2025_02_LAC_LV,2025,2,2025-09-15,LAC,LV,9,20,0.0,0.4095,LAC,50-55,oracle
2025_03_MIA_BUF,2025,3,2025-09-18,MIA,BUF,31,21,1.0,0.7871,BUF,70-80,oracle
2025_03_ATL_CAR,2025,3,2025-09-21,ATL,CAR,30,0,1.0,0.3964,ATL,50-55,oracle
2025_03_GB_CLE,2025,3,2025-09-21,GB,CLE,13,10,1.0,0.2575,GB,50-55,oracle
2025_03_HOU_JAX,2025,3,2025-09-21,HOU,JAX,17,10,1.0,0.4613,HOU,50-55,oracle
2025_03_CIN_MIN,2025,3,2025-09-21,CIN,MIN,48,10,1.0,0.6549,MIN,65-70,oracle
2025_03_PIT_NE,2025,3,2025-09-21,PIT,NE,14,21,0.0,0.4084,PIT,50-55,oracle
2025_03_LA_PHI,2025,3,2025-09-21,LA,PHI,33,26,1.0,0.7129,PHI,70-80,oracle
2025_03_NYJ_TB,2025,3,2025-09-21,NYJ,TB,29,27,1.0,0.8585,TB,80+,oracle
2025_03_IND_TEN,2025,3,2025-09-21,IND,TEN,20,41,0.0,0.2824,IND,50-55,oracle
2025_03_LV_WAS,2025,3,2025-09-21,LV,WAS,41,24,1.0,0.6658,WAS,65-70,oracle
2025_03_DEN_LAC,2025,3,2025-09-21,DEN,LAC,23,20,1.0,0.6286,LAC,60-65,oracle
2025_03_NO_SEA,2025,3,2025-09-21,NO,SEA,44,13,1.0,0.7357,SEA,70-80,oracle
2025_03_DAL_CHI,2025,3,2025-09-21,DAL,CHI,31,14,1.0,0.3673,DAL,50-55,oracle
2025_03_ARI_SF,2025,3,2025-09-21,ARI,SF,16,15,1.0,0.5574,SF,55-60,oracle
2025_03_KC_NYG,2025,3,2025-09-21,KC,NYG,9,22,0.0,0.2034,KC,50-55,oracle
2025_03_DET_BAL,2025,3,2025-09-22,DET,BAL,30,38,0.0,0.4896,DET,50-55,oracle
2025_04_SEA_ARI,2025,4,2025-09-25,SEA,ARI,20,23,0.0,0.4611,SEA,50-55,oracle
2025_04_WAS_ATL,2025,4,2025-09-28,WAS,ATL,34,27,1.0,0.559,ATL,55-60,oracle
2025_04_NO_BUF,2025,4,2025-09-28,NO,BUF,31,19,1.0,0.8365,BUF,80+,oracle
2025_04_CLE_DET,2025,4,2025-09-28,CLE,DET,34,10,1.0,0.804,DET,80+,oracle
2025_04_TEN_HOU,2025,4,2025-09-28,TEN,HOU,26,0,1.0,0.6816,HOU,65-70,oracle
2025_04_CAR_NE,2025,4,2025-09-28,CAR,NE,42,13,1.0,0.5101,NE,50-55,oracle
2025_04_LAC_NYG,2025,4,2025-09-28,LAC,NYG,21,18,1.0,0.2014,LAC,50-55,oracle
2025_04_PHI_TB,2025,4,2025-09-28,PHI,TB,25,31,0.0,0.3267,PHI,50-55,oracle
2025_04_IND_LA,2025,4,2025-09-28,IND,LA,27,20,1.0,0.5912,LA,55-60,oracle
2025_04_JAX_SF,2025,4,2025-09-28,JAX,SF,21,26,0.0,0.6171,SF,60-65,oracle
2025_04_BAL_KC,2025,4,2025-09-28,BAL,KC,37,20,1.0,0.6479,KC,60-65,oracle
2025_04_CHI_LV,2025,4,2025-09-28,CHI,LV,24,25,0.0,0.4995,CHI,50-55,oracle
2025_04_NYJ_MIA,2025,4,2025-09-29,NYJ,MIA,27,21,1.0,0.7545,MIA,70-80,oracle
2025_04_CIN_DEN,2025,4,2025-09-29,CIN,DEN,28,3,1.0,0.4543,CIN,50-55,oracle
2025_05_SF_LA,2025,5,2025-10-02,SF,LA,23,26,0.0,0.8245,LA,80+,oracle
2025_05_HOU_BAL,2025,5,2025-10-05,HOU,BAL,10,44,0.0,0.5843,BAL,55-60,oracle
2025_05_MIA_CAR,2025,5,2025-10-05,MIA,CAR,27,24,1.0,0.4468,MIA,50-55,oracle
2025_05_LV_IND,2025,5,2025-10-05,LV,IND,40,6,1.0,0.71,IND,70-80,oracle
2025_05_NYG_NO,2025,5,2025-10-05,NYG,NO,26,14,1.0,0.4651,NYG,50-55,oracle
2025_05_DAL_NYJ,2025,5,2025-10-05,DAL,NYJ,22,37,0.0,0.3915,DAL,50-55,oracle
2025_05_DEN_PHI,2025,5,2025-10-05,DEN,PHI,17,21,0.0,0.79,PHI,70-80,oracle
2025_05_TEN_ARI,2025,5,2025-10-05,TEN,ARI,21,22,0.0,0.7046,ARI,70-80,oracle
2025_05_TB_SEA,2025,5,2025-10-05,TB,SEA,35,38,0.0,0.6031,SEA,60-65,oracle
2025_05_DET_CIN,2025,5,2025-10-05,DET,CIN,24,37,0.0,0.3222,DET,50-55,oracle
2025_05_WAS_LAC,2025,5,2025-10-05,WAS,LAC,10,27,0.0,0.5566,LAC,55-60,oracle
2025_05_NE_BUF,2025,5,2025-10-05,NE,BUF,20,23,0.0,0.8231,BUF,80+,oracle
2025_05_KC_JAX,2025,5,2025-10-06,KC,JAX,31,28,1.0,0.3127,KC,50-55,oracle
2025_06_PHI_NYG,2025,6,2025-10-09,PHI,NYG,34,17,1.0,0.1761,PHI,50-55,oracle
2025_06_LA_BAL,2025,6,2025-10-12,LA,BAL,3,17,0.0,0.4402,LA,50-55,oracle
2025_06_DAL_CAR,2025,6,2025-10-12,DAL,CAR,30,27,1.0,0.4466,DAL,50-55,oracle
2025_06_ARI_IND,2025,6,2025-10-12,ARI,IND,31,27,1.0,0.8422,IND,80+,oracle
2025_06_SEA_JAX,2025,6,2025-10-12,SEA,JAX,12,20,0.0,0.4989,SEA,50-55,oracle
2025_06_LAC_MIA,2025,6,2025-10-12,LAC,MIA,27,29,0.0,0.412,LAC,50-55,oracle
2025_06_NE_NO,2025,6,2025-10-12,NE,NO,19,25,0.0,0.4225,NE,50-55,oracle
2025_06_CLE_PIT,2025,6,2025-10-12,CLE,PIT,23,9,1.0,0.7123,PIT,70-80,oracle
2025_06_TEN_LV,2025,6,2025-10-12,TEN,LV,20,10,1.0,0.5227,LV,50-55,oracle
2025_06_CIN_GB,2025,6,2025-10-12,CIN,GB,27,18,1.0,0.7793,GB,70-80,oracle
2025_06_SF_TB,2025,6,2025-10-12,SF,TB,30,19,1.0,0.5974,TB,55-60,oracle
2025_06_DET_KC,2025,6,2025-10-12,DET,KC,30,17,1.0,0.4778,DET,50-55,oracle
2025_06_BUF_ATL,2025,6,2025-10-13,BUF,ATL,24,14,1.0,0.3227,BUF,50-55,oracle
2025_06_CHI_WAS,2025,6,2025-10-13,CHI,WAS,24,25,0.0,0.6959,WAS,65-70,oracle
2025_07_PIT_CIN,2025,7,2025-10-16,PIT,CIN,33,31,1.0,0.4169,PIT,50-55,oracle
2025_07_NO_CHI,2025,7,2025-10-19,NO,CHI,26,14,1.0,0.6918,CHI,65-70,oracle
2025_07_MIA_CLE,2025,7,2025-10-19,MIA,CLE,31,6,1.0,0.4638,MIA,50-55,oracle
2025_07_LV_KC,2025,7,2025-10-19,LV,KC,31,0,1.0,0.7924,KC,70-80,oracle
2025_07_PHI_MIN,2025,7,2025-10-19,PHI,MIN,22,28,0.0,0.4529,PHI,50-55,oracle
2025_07_CAR_NYJ,2025,7,2025-10-19,CAR,NYJ,6,13,0.0,0.3955,CAR,50-55,oracle
2025_07_NE_TEN,2025,7,2025-10-19,NE,TEN,13,31,0.0,0.3405,NE,50-55,oracle
2025_07_NYG_DEN,2025,7,2025-10-19,NYG,DEN,33,32,1.0,0.7372,DEN,70-80,oracle
2025_07_IND_LAC,2025,7,2025-10-19,IND,LAC,24,38,0.0,0.5167,LAC,50-55,oracle
2025_07_GB_ARI,2025,7,2025-10-19,GB,ARI,23,27,0.0,0.3447,GB,50-55,oracle
2025_07_WAS_DAL,2025,7,2025-10-19,WAS,DAL,44,22,1.0,0.4403,WAS,50-55,oracle
2025_07_ATL_SF,2025,7,2025-10-19,ATL,SF,20,10,1.0,0.5452,SF,50-55,oracle
2025_07_TB_DET,2025,7,2025-10-20,TB,DET,24,9,1.0,0.6341,DET,60-65,oracle
2025_07_HOU_SEA,2025,7,2025-10-20,HOU,SEA,27,19,1.0,0.6196,SEA,60-65,oracle
2025_08_MIN_LAC,2025,8,2025-10-23,MIN,LAC,37,10,1.0,0.4764,MIN,50-55,oracle
2025_08_MIA_ATL,2025,8,2025-10-26,MIA,ATL,10,34,0.0,0.5999,ATL,55-60,oracle
2025_08_CHI_BAL,2025,8,2025-10-26,CHI,BAL,30,16,1.0,0.4252,CHI,50-55,oracle
2025_08_BUF_CAR,2025,8,2025-10-26,BUF,CAR,9,40,0.0,0.3659,BUF,50-55,oracle
2025_08_NYJ_CIN,2025,8,2025-10-26,NYJ,CIN,38,39,0.0,0.7353,CIN,70-80,oracle
2025_08_SF_HOU,2025,8,2025-10-26,SF,HOU,26,15,1.0,0.5198,HOU,50-55,oracle
2025_08_CLE_NE,2025,8,2025-10-26,CLE,NE,32,13,1.0,0.6722,NE,65-70,oracle
2025_08_NYG_PHI,2025,8,2025-10-26,NYG,PHI,38,20,1.0,0.8004,PHI,80+,oracle
2025_08_TB_NO,2025,8,2025-10-26,TB,NO,3,23,0.0,0.2683,TB,50-55,oracle
2025_08_DAL_DEN,2025,8,2025-10-26,DAL,DEN,44,24,1.0,0.6587,DEN,65-70,oracle
2025_08_TEN_IND,2025,8,2025-10-26,TEN,IND,38,14,1.0,0.8097,IND,80+,oracle
2025_08_GB_PIT,2025,8,2025-10-26,GB,PIT,25,35,0.0,0.4842,GB,50-55,oracle
2025_08_WAS_KC,2025,8,2025-10-27,WAS,KC,28,7,1.0,0.7242,KC,70-80,oracle
2025_09_BAL_MIA,2025,9,2025-10-30,BAL,MIA,6,28,0.0,0.632,MIA,60-65,oracle
2025_09_CHI_CIN,2025,9,2025-11-02,CHI,CIN,42,47,0.0,0.5406,CIN,50-55,oracle
2025_09_MIN_DET,2025,9,2025-11-02,MIN,DET,24,27,0.0,0.8552,DET,80+,oracle
2025_09_CAR_GB,2025,9,2025-11-02,CAR,GB,13,16,0.0,0.7342,GB,70-80,oracle
2025_09_DEN_HOU,2025,9,2025-11-02,DEN,HOU,15,18,0.0,0.4542,DEN,50-55,oracle
2025_09_ATL_NE,2025,9,2025-11-02,ATL,NE,24,23,1.0,0.8125,NE,80+,oracle
2025_09_SF_NYG,2025,9,2025-11-02,SF,NYG,24,34,0.0,0.3807,SF,50-55,oracle
2025_09_IND_PIT,2025,9,2025-11-02,IND,PIT,27,20,1.0,0.4482,IND,50-55,oracle
2025_09_LAC_TEN,2025,9,2025-11-02,LAC,TEN,20,27,0.0,0.2449,LAC,50-55,oracle
2025_09_NO_LA,2025,9,2025-11-02,NO,LA,34,10,1.0,0.9088,LA,80+,oracle
2025_09_JAX_LV,2025,9,2025-11-02,JAX,LV,29,30,0.0,0.4066,JAX,50-55,oracle
2025_09_KC_BUF,2025,9,2025-11-02,KC,BUF,28,21,1.0,0.5075,BUF,50-55,oracle
2025_09_SEA_WAS,2025,9,2025-11-02,SEA,WAS,14,38,0.0,0.3998,SEA,50-55,oracle
2025_09_ARI_DAL,2025,9,2025-11-03,ARI,DAL,17,27,0.0,0.6312,DAL,60-65,oracle
2025_10_LV_DEN,2025,10,2025-11-06,LV,DEN,10,7,1.0,0.7923,DEN,70-80,oracle
2025_10_NO_CAR,2025,10,2025-11-09,NO,CAR,7,17,0.0,0.6851,CAR,65-70,oracle
2025_10_NYG_CHI,2025,10,2025-11-09,NYG,CHI,24,20,1.0,0.6923,CHI,65-70,oracle
2025_10_JAX_HOU,2025,10,2025-11-09,JAX,HOU,36,29,1.0,0.4846,JAX,50-55,oracle
2025_10_BUF_MIA,2025,10,2025-11-09,BUF,MIA,30,13,1.0,0.2445,BUF,50-55,oracle
2025_10_BAL_MIN,2025,10,2025-11-09,BAL,MIN,19,27,0.0,0.5586,MIN,55-60,oracle
2025_10_CLE_NYJ,2025,10,2025-11-09,CLE,NYJ,27,20,1.0,0.4426,CLE,50-55,oracle
2025_10_NE_TB,2025,10,2025-11-09,NE,TB,23,28,0.0,0.6308,TB,60-65,oracle
2025_10_ARI_SEA,2025,10,2025-11-09,ARI,SEA,44,22,1.0,0.752,SEA,70-80,oracle
2025_10_LA_SF,2025,10,2025-11-09,LA,SF,26,42,0.0,0.4555,LA,50-55,oracle
2025_10_DET_WAS,2025,10,2025-11-09,DET,WAS,22,44,0.0,0.2504,DET,50-55,oracle
2025_10_PIT_LAC,2025,10,2025-11-09,PIT,LAC,25,10,1.0,0.5775,LAC,55-60,oracle
2025_10_PHI_GB,2025,10,2025-11-10,PHI,GB,7,10,0.0,0.3911,PHI,50-55,oracle
2025_11_NYJ_NE,2025,11,2025-11-13,NYJ,NE,27,14,1.0,0.7426,NE,70-80,oracle
2025_11_CAR_ATL,2025,11,2025-11-16,CAR,ATL,27,30,0.0,0.4718,CAR,50-55,oracle
2025_11_TB_BUF,2025,11,2025-11-16,TB,BUF,44,32,1.0,0.6172,BUF,60-65,oracle
2025_11_LAC_JAX,2025,11,2025-11-16,LAC,JAX,35,6,1.0,0.3745,LAC,50-55,oracle
2025_11_CHI_MIN,2025,11,2025-11-16,CHI,MIN,17,19,0.0,0.5277,MIN,50-55,oracle
2025_11_GB_NYG,2025,11,2025-11-16,GB,NYG,20,27,0.0,0.2457,GB,50-55,oracle
2025_11_CIN_PIT,2025,11,2025-11-16,CIN,PIT,34,12,1.0,0.5959,PIT,55-60,oracle
2025_11_HOU_TEN,2025,11,2025-11-16,HOU,TEN,13,16,0.0,0.2598,HOU,50-55,oracle
2025_11_SF_ARI,2025,11,2025-11-16,SF,ARI,22,41,0.0,0.6132,ARI,60-65,oracle
2025_11_SEA_LA,2025,11,2025-11-16,SEA,LA,21,19,1.0,0.612,LA,60-65,oracle
2025_11_BAL_CLE,2025,11,2025-11-16,BAL,CLE,16,23,0.0,0.3067,BAL,50-55,oracle
2025_11_KC_DEN,2025,11,2025-11-16,KC,DEN,22,19,1.0,0.5471,DEN,50-55,oracle
2025_11_DET_PHI,2025,11,2025-11-16,DET,PHI,16,9,1.0,0.6307,PHI,60-65,oracle
2025_11_DAL_LV,2025,11,2025-11-17,DAL,LV,16,33,0.0,0.4013,DAL,50-55,oracle
2025_12_BUF_HOU,2025,12,2025-11-20,BUF,HOU,23,19,1.0,0.4136,BUF,50-55,oracle
2025_12_NYJ_BAL,2025,12,2025-11-23,NYJ,BAL,23,10,1.0,0.7743,BAL,70-80,oracle
2025_12_PIT_CHI,2025,12,2025-11-23,PIT,CHI,31,28,1.0,0.7458,CHI,70-80,oracle
2025_12_NE_CIN,2025,12,2025-11-23,NE,CIN,20,26,0.0,0.3468,NE,50-55,oracle
2025_12_NYG_DET,2025,12,2025-11-23,NYG,DET,34,27,1.0,0.8099,DET,80+,oracle
2025_12_MIN_GB,2025,12,2025-11-23,MIN,GB,23,6,1.0,0.6156,GB,60-65,oracle
2025_12_IND_KC,2025,12,2025-11-23,IND,KC,23,20,1.0,0.6059,KC,60-65,oracle
2025_12_SEA_TEN,2025,12,2025-11-23,SEA,TEN,24,30,0.0,0.1946,SEA,50-55,oracle
2025_12_JAX_ARI,2025,12,2025-11-23,JAX,ARI,24,27,0.0,0.396,JAX,50-55,oracle
2025_12_CLE_LV,2025,12,2025-11-23,CLE,LV,10,24,0.0,0.6858,LV,65-70,oracle
2025_12_PHI_DAL,2025,12,2025-11-23,PHI,DAL,24,21,1.0,0.2378,PHI,50-55,oracle
2025_12_ATL_NO,2025,12,2025-11-23,ATL,NO,10,24,0.0,0.661,NO,65-70,oracle
2025_12_TB_LA,2025,12,2025-11-23,TB,LA,34,7,1.0,0.6987,LA,65-70,oracle
2025_12_CAR_SF,2025,12,2025-11-24,CAR,SF,20,9,1.0,0.6173,SF,60-65,oracle
2025_13_GB_DET,2025,13,2025-11-27,GB,DET,24,31,0.0,0.6348,DET,60-65,oracle
2025_13_KC_DAL,2025,13,2025-11-27,KC,DAL,31,28,1.0,0.3805,KC,50-55,oracle
2025_13_CIN_BAL,2025,13,2025-11-27,CIN,BAL,14,32,0.0,0.8578,BAL,80+,oracle
2025_13_CHI_PHI,2025,13,2025-11-28,CHI,PHI,15,24,0.0,0.6882,PHI,65-70,oracle
2025_13_LA_CAR,2025,13,2025-11-30,LA,CAR,31,28,1.0,0.2853,LA,50-55,oracle
2025_13_SF_CLE,2025,13,2025-11-30,SF,CLE,8,26,0.0,0.3367,SF,50-55,oracle
2025_13_HOU_IND,2025,13,2025-11-30,HOU,IND,16,20,0.0,0.7128,IND,70-80,oracle
2025_13_NO_MIA,2025,13,2025-11-30,NO,MIA,21,17,1.0,0.6703,MIA,65-70,oracle
2025_13_ATL_NYJ,2025,13,2025-11-30,ATL,NYJ,27,24,1.0,0.447,ATL,50-55,oracle
2025_13_ARI_TB,2025,13,2025-11-30,ARI,TB,20,17,1.0,0.6574,TB,65-70,oracle
2025_13_JAX_TEN,2025,13,2025-11-30,JAX,TEN,3,25,0.0,0.2591,JAX,50-55,oracle
2025_13_MIN_SEA,2025,13,2025-11-30,MIN,SEA,26,0,1.0,0.8283,SEA,80+,oracle
2025_13_LV_LAC,2025,13,2025-11-30,LV,LAC,31,14,1.0,0.7611,LAC,70-80,oracle
2025_13_BUF_PIT,2025,13,2025-11-30,BUF,PIT,7,26,0.0,0.3872,BUF,50-55,oracle
2025_13_DEN_WAS,2025,13,2025-11-30,DEN,WAS,26,27,0.0,0.2505,DEN,50-55,oracle
2025_13_NYG_NE,2025,13,2025-12-01,NYG,NE,33,15,1.0,0.894,NE,80+,oracle
2025_14_DAL_DET,2025,14,2025-12-04,DAL,DET,44,30,1.0,0.6335,DET,60-65,oracle
2025_14_SEA_ATL,2025,14,2025-12-07,SEA,ATL,9,37,0.0,0.2915,SEA,50-55,oracle
2025_14_PIT_BAL,2025,14,2025-12-07,PIT,BAL,22,27,0.0,0.6189,BAL,60-65,oracle
2025_14_TEN_CLE,2025,14,2025-12-07,TEN,CLE,29,31,0.0,0.6388,CLE,60-65,oracle
2025_14_CHI_GB,2025,14,2025-12-07,CHI,GB,28,21,1.0,0.5906,GB,55-60,oracle
2025_14_IND_JAX,2025,14,2025-12-07,IND,JAX,36,19,1.0,0.5956,JAX,55-60,oracle
2025_14_WAS_MIN,2025,14,2025-12-07,WAS,MIN,31,0,1.0,0.5105,MIN,50-55,oracle
2025_14_MIA_NYJ,2025,14,2025-12-07,MIA,NYJ,10,34,0.0,0.4129,MIA,50-55,oracle
2025_14_NO_TB,2025,14,2025-12-07,NO,TB,20,24,0.0,0.7257,TB,70-80,oracle
2025_14_DEN_LV,2025,14,2025-12-07,DEN,LV,17,24,0.0,0.1592,DEN,50-55,oracle
2025_14_LA_ARI,2025,14,2025-12-07,LA,ARI,17,45,0.0,0.2318,LA,50-55,oracle
2025_14_CIN_BUF,2025,14,2025-12-07,CIN,BUF,39,34,1.0,0.7389,BUF,70-80,oracle
2025_14_HOU_KC,2025,14,2025-12-07,HOU,KC,10,20,0.0,0.5707,KC,55-60,oracle
2025_14_PHI_LAC,2025,14,2025-12-08,PHI,LAC,22,19,1.0,0.4226,PHI,50-55,oracle
2025_15_ATL_TB,2025,15,2025-12-11,ATL,TB,28,29,0.0,0.6421,TB,60-65,oracle
2025_15_CLE_CHI,2025,15,2025-12-14,CLE,CHI,31,3,1.0,0.7755,CHI,70-80,oracle
2025_15_BAL_CIN,2025,15,2025-12-14,BAL,CIN,0,24,0.0,0.4467,BAL,50-55,oracle
2025_15_ARI_HOU,2025,15,2025-12-14,ARI,HOU,40,20,1.0,0.7888,HOU,70-80,oracle
2025_15_NYJ_JAX,2025,15,2025-12-14,NYJ,JAX,48,20,1.0,0.8634,JAX,80+,oracle
2025_15_LAC_KC,2025,15,2025-12-14,LAC,KC,13,16,0.0,0.515,KC,50-55,oracle
2025_15_BUF_NE,2025,15,2025-12-14,BUF,NE,31,35,0.0,0.5423,NE,50-55,oracle
2025_15_WAS_NYG,2025,15,2025-12-14,WAS,NYG,21,29,0.0,0.4046,WAS,50-55,oracle
2025_15_LV_PHI,2025,15,2025-12-14,LV,PHI,31,0,1.0,0.8904,PHI,80+,oracle
2025_15_GB_DEN,2025,15,2025-12-14,GB,DEN,34,26,1.0,0.6004,DEN,60-65,oracle
2025_15_DET_LA,2025,15,2025-12-14,DET,LA,41,34,1.0,0.6127,LA,60-65,oracle
2025_15_CAR_NO,2025,15,2025-12-14,CAR,NO,20,17,1.0,0.3768,CAR,50-55,oracle
2025_15_IND_SEA,2025,15,2025-12-14,IND,SEA,18,16,1.0,0.8477,SEA,80+,oracle
2025_15_TEN_SF,2025,15,2025-12-14,TEN,SF,37,24,1.0,0.814,SF,80+,oracle
2025_15_MIN_DAL,2025,15,2025-12-14,MIN,DAL,26,34,0.0,0.5546,DAL,55-60,oracle
2025_15_MIA_PIT,2025,15,2025-12-15,MIA,PIT,28,15,1.0,0.5493,PIT,50-55,oracle
2025_16_LA_SEA,2025,16,2025-12-18,LA,SEA,38,37,1.0,0.5918,SEA,55-60,oracle
2025_16_GB_CHI,2025,16,2025-12-20,GB,CHI,22,16,1.0,0.5418,CHI,50-55,oracle
2025_16_PHI_WAS,2025,16,2025-12-20,PHI,WAS,18,29,0.0,0.2795,PHI,50-55,oracle
2025_16_NE_BAL,2025,16,2025-12-21,NE,BAL,24,28,0.0,0.5038,BAL,50-55,oracle
2025_16_TB_CAR,2025,16,2025-12-21,TB,CAR,23,20,1.0,0.5174,CAR,50-55,oracle
2025_16_BUF_CLE,2025,16,2025-12-21,BUF,CLE,20,23,0.0,0.1691,BUF,50-55,oracle
2025_16_LAC_DAL,2025,16,2025-12-21,LAC,DAL,17,34,0.0,0.3664,LAC,50-55,oracle
2025_16_NYJ_NO,2025,16,2025-12-21,NYJ,NO,29,6,1.0,0.7404,NO,70-80,oracle
2025_16_MIN_NYG,2025,16,2025-12-21,MIN,NYG,13,16,0.0,0.2585,MIN,50-55,oracle
2025_16_KC_TEN,2025,16,2025-12-21,KC,TEN,26,9,1.0,0.3952,KC,50-55,oracle
2025_16_ATL_ARI,2025,16,2025-12-21,ATL,ARI,19,26,0.0,0.3841,ATL,50-55,oracle
2025_16_JAX_DEN,2025,16,2025-12-21,JAX,DEN,20,34,0.0,0.7066,DEN,70-80,oracle
2025_16_PIT_DET,2025,16,2025-12-21,PIT,DET,24,29,0.0,0.6131,DET,60-65,oracle
2025_16_LV_HOU,2025,16,2025-12-21,LV,HOU,23,21,1.0,0.9099,HOU,80+,oracle
2025_16_CIN_MIA,2025,16,2025-12-21,CIN,MIA,21,45,0.0,0.5884,MIA,55-60,oracle
2025_16_SF_IND,2025,16,2025-12-22,SF,IND,27,48,0.0,0.4113,SF,50-55,oracle
2025_17_DAL_WAS,2025,17,2025-12-25,DAL,WAS,23,30,0.0,0.3911,DAL,50-55,oracle
2025_17_DET_MIN,2025,17,2025-12-25,DET,MIN,23,10,1.0,0.5033,MIN,50-55,oracle
2025_17_DEN_KC,2025,17,2025-12-25,DEN,KC,13,20,0.0,0.2792,DEN,50-55,oracle
2025_17_BAL_GB,2025,17,2025-12-27,BAL,GB,24,41,0.0,0.7402,GB,70-80,oracle
2025_17_HOU_LAC,2025,17,2025-12-27,HOU,LAC,16,20,0.0,0.573,LAC,55-60,oracle
2025_17_SEA_CAR,2025,17,2025-12-28,SEA,CAR,10,27,0.0,0.322,SEA,50-55,oracle
2025_17_ARI_CIN,2025,17,2025-12-28,ARI,CIN,37,14,1.0,0.6704,CIN,65-70,oracle
2025_17_PIT_CLE,2025,17,2025-12-28,PIT,CLE,13,6,1.0,0.2269,PIT,50-55,oracle
2025_17_JAX_IND,2025,17,2025-12-28,JAX,IND,17,23,0.0,0.3382,JAX,50-55,oracle
2025_17_NYG_LV,2025,17,2025-12-28,NYG,LV,10,34,0.0,0.4832,NYG,50-55,oracle
2025_17_TB_MIA,2025,17,2025-12-28,TB,MIA,20,17,1.0,0.5253,MIA,50-55,oracle
2025_17_NE_NYJ,2025,17,2025-12-28,NE,NYJ,10,42,0.0,0.1904,NE,50-55,oracle
2025_17_NO_TEN,2025,17,2025-12-28,NO,TEN,26,34,0.0,0.4376,NO,50-55,oracle
2025_17_PHI_BUF,2025,17,2025-12-28,PHI,BUF,12,13,0.0,0.5785,BUF,55-60,oracle
2025_17_CHI_SF,2025,17,2025-12-28,CHI,SF,42,38,1.0,0.5846,SF,55-60,oracle
2025_17_LA_ATL,2025,17,2025-12-29,LA,ATL,27,24,1.0,0.2948,LA,50-55,oracle
2025_18_SEA_SF,2025,18,2026-01-03,SEA,SF,3,13,0.0,0.5031,SF,50-55,oracle
2025_18_CAR_TB,2025,18,2026-01-03,CAR,TB,16,14,1.0,0.478,CAR,50-55,oracle
2025_18_NO_ATL,2025,18,2026-01-04,NO,ATL,19,17,1.0,0.5879,ATL,55-60,oracle
2025_18_NYJ_BUF,2025,18,2026-01-04,NYJ,BUF,35,8,1.0,0.873,BUF,80+,oracle
2025_18_DET_CHI,2025,18,2026-01-04,DET,CHI,16,19,0.0,0.6213,CHI,60-65,oracle
2025_18_CLE_CIN,2025,18,2026-01-04,CLE,CIN,18,20,0.0,0.6896,CIN,65-70,oracle
2025_18_LAC_DEN,2025,18,2026-01-04,LAC,DEN,19,3,1.0,0.7722,DEN,70-80,oracle
2025_18_IND_HOU,2025,18,2026-01-04,IND,HOU,38,30,1.0,0.8705,HOU,80+,oracle
2025_18_TEN_JAX,2025,18,2026-01-04,TEN,JAX,41,7,1.0,0.8349,JAX,80+,oracle
2025_18_ARI_LA,2025,18,2026-01-04,ARI,LA,37,20,1.0,0.7954,LA,70-80,oracle
2025_18_KC_LV,2025,18,2026-01-04,KC,LV,14,12,1.0,0.2093,KC,50-55,oracle
2025_18_GB_MIN,2025,18,2026-01-04,GB,MIN,16,3,1.0,0.6987,MIN,65-70,oracle
2025_18_MIA_NE,2025,18,2026-01-04,MIA,NE,38,10,1.0,0.7228,NE,70-80,oracle
2025_18_DAL_NYG,2025,18,2026-01-04,DAL,NYG,34,17,1.0,0.3569,DAL,50-55,oracle
2025_18_WAS_PHI,2025,18,2026-01-04,WAS,PHI,17,24,0.0,0.7857,PHI,70-80,oracle
2025_18_BAL_PIT,2025,18,2026-01-04,BAL,PIT,26,24,1.0,0.7053,PIT,70-80,oracle
2025_19_GB_CHI,2025,19,2026-01-10,GB,CHI,31,27,1.0,0.7351,CHI,70-80,oracle
2025_19_LA_CAR,2025,19,2026-01-10,LA,CAR,31,34,0.0,0.3271,LA,50-55,oracle
2025_19_BUF_JAX,2025,19,2026-01-11,BUF,JAX,24,27,0.0,0.7461,JAX,70-80,oracle
2025_19_SF_PHI,2025,19,2026-01-11,SF,PHI,19,23,0.0,0.5387,PHI,50-55,oracle
2025_19_LAC_NE,2025,19,2026-01-11,LAC,NE,16,3,1.0,0.8111,NE,80+,oracle
2025_19_HOU_PIT,2025,19,2026-01-12,HOU,PIT,6,30,0.0,0.4172,HOU,50-55,oracle
2025_20_BUF_DEN,2025,20,2026-01-17,BUF,DEN,33,30,1.0,0.5664,DEN,55-60,oracle
2025_20_SF_SEA,2025,20,2026-01-17,SF,SEA,41,6,1.0,0.6636,SEA,65-70,oracle
2025_20_LA_CHI,2025,20,2026-01-18,LA,CHI,17,20,0.0,0.4689,LA,50-55,oracle
2025_20_HOU_NE,2025,20,2026-01-18,HOU,NE,28,16,1.0,0.5778,NE,55-60,oracle
2025_21_NE_DEN,2025,21,2026-01-25,NE,DEN,7,10,0.0,0.5568,DEN,55-60,oracle
2025_21_LA_SEA,2025,21,2026-01-25,LA,SEA,31,27,1.0,0.6844,SEA,65-70,oracle
