game_id,season,week,gameday,away_team,home_team,incumbent_home_win_prob,base_incumbent_prob,predicted_winner,confidence_bucket,model_version,model_date,training_seasons,feature_set,calibration_method,model_val_ll,model_holdout_ll,elo_k,elo_hfa,elo_reg,elo_decay,elo_qb_bonus,overlay_gamma,overlay_cap,overlay_gate_active,home_qb_adj,away_qb_adj,qb_source,home_qb_id,away_qb_id,caution_qb_change,caution_neutral,caution_early_season,caution_missing_features,caution_model_market_disagreement,market_model_diff,market_prob_diagnostic,market_minus_model_diagnostic,qb_change_flag
2026_01_NE_SEA,2026,1,2026-09-09,NE,SEA,0.6126917950737647,0.6126917950737647,SEA,60-65,v3.0.0,2026-06-29,2021-2024,qb_changed + rolling_mov_3 + frozen QB overlay,"Platt + frozen QB overlay (logit-space, gated changed OR starts<17, gamma=1.0, cap=40)",0.6305,0.62,36,40,0.1,32,0.2,1.0,40,1,0.0,0.0,oracle,,,0,0,1,0,0,0.0242,0.6369,0.0242,0
2026_01_SF_LA,2026,1,2026-09-10,SF,LA,0.4939087032669823,0.4939087032669823,SF,50-55,v3.0.0,2026-06-29,2021-2024,qb_changed + rolling_mov_3 + frozen QB overlay,"Platt + frozen QB overlay (logit-space, gated changed OR starts<17, gamma=1.0, cap=40)",0.6305,0.62,36,40,0.1,32,0.2,1.0,40,1,0.0,0.0,oracle,,,0,1,1,0,0,0.1286,0.6225,0.1286,0
2026_01_CHI_CAR,2026,1,2026-09-13,CHI,CAR,0.43764892960553803,0.43764892960553803,CHI,50-55,v3.0.0,2026-06-29,2021-2024,qb_changed + rolling_mov_3 + frozen QB overlay,"Platt + frozen QB overlay (logit-space, gated changed OR starts<17, gamma=1.0, cap=40)",0.6305,0.62,36,40,0.1,32,0.2,1.0,40,1,0.0,0.0,oracle,,,0,0,1,0,0,0.0109,0.4486,0.0109,0
2026_01_TB_CIN,2026,1,2026-09-13,TB,CIN,0.5268053798769531,0.5268053798769531,CIN,50-55,v3.0.0,2026-06-29,2021-2024,qb_changed + rolling_mov_3 + frozen QB overlay,"Platt + frozen QB overlay (logit-space, gated changed OR starts<17, gamma=1.0, cap=40)",0.6305,0.62,36,40,0.1,32,0.2,1.0,40,1,0.0,0.0,oracle,,,0,0,1,0,0,0.1041,0.6309,0.1041,0
2026_01_NO_DET,2026,1,2026-09-13,NO,DET,0.6416510602976612,0.6416510602976612,DET,60-65,v3.0.0,2026-06-29,2021-2024,qb_changed + rolling_mov_3 + frozen QB overlay,"Platt + frozen QB overlay (logit-space, gated changed OR starts<17, gamma=1.0, cap=40)",0.6305,0.62,36,40,0.1,32,0.2,1.0,40,1,0.0,0.0,oracle,,,0,0,1,0,0,0.0919,0.7335,0.0919,0
2026_01_BUF_HOU,2026,1,2026-09-13,BUF,HOU,0.5549564004352425,0.5549564004352425,HOU,55-60,v3.0.0,2026-06-29,2021-2024,qb_changed + rolling_mov_3 + frozen QB overlay,"Platt + frozen QB overlay (logit-space, gated changed OR starts<17, gamma=1.0, cap=40)",0.6305,0.62,36,40,0.1,32,0.2,1.0,40,1,0.0,0.0,oracle,,,0,0,1,0,0,-0.0767,0.4783,-0.0767,0
2026_01_BAL_IND,2026,1,2026-09-13,BAL,IND,0.46388909174761506,0.46388909174761506,BAL,50-55,v3.0.0,2026-06-29,2021-2024,qb_changed + rolling_mov_3 + frozen QB overlay,"Platt + frozen QB overlay (logit-space, gated changed OR starts<17, gamma=1.0, cap=40)",0.6305,0.62,36,40,0.1,32,0.2,1.0,40,1,0.0,0.0,oracle,,,0,0,1,0,0,-0.0864,0.3775,-0.0864,0
2026_01_CLE_JAX,2026,1,2026-09-13,CLE,JAX,0.6867560585049916,0.6867560585049916,JAX,65-70,v3.0.0,2026-06-29,2021-2024,qb_changed + rolling_mov_3 + frozen QB overlay,"Platt + frozen QB overlay (logit-space, gated changed OR starts<17, gamma=1.0, cap=40)",0.6305,0.62,36,40,0.1,32,0.2,1.0,40,1,0.0,0.0,oracle,,,0,0,1,0,0,0.0847,0.7715,0.0847,0
2026_01_ATL_PIT,2026,1,2026-09-13,ATL,PIT,0.5662466692915772,0.5662466692915772,PIT,55-60,v3.0.0,2026-06-29,2021-2024,qb_changed + rolling_mov_3 + frozen QB overlay,"Platt + frozen QB overlay (logit-space, gated changed OR starts<17, gamma=1.0, cap=40)",0.6305,0.62,36,40,0.1,32,0.2,1.0,40,1,0.0,0.0,oracle,,,0,0,1,0,0,0.043,0.6092,0.043,0
2026_01_NYJ_TEN,2026,1,2026-09-13,NYJ,TEN,0.5271441958712716,0.5271441958712716,TEN,50-55,v3.0.0,2026-06-29,2021-2024,qb_changed + rolling_mov_3 + frozen QB overlay,"Platt + frozen QB overlay (logit-space, gated changed OR starts<17, gamma=1.0, cap=40)",0.6305,0.62,36,40,0.1,32,0.2,1.0,40,1,0.0,0.0,oracle,,,0,0,1,0,0,0.0558,0.583,0.0558,0
2026_01_ARI_LAC,2026,1,2026-09-13,ARI,LAC,0.714503477796173,0.714503477796173,LAC,70-80,v3.0.0,2026-06-29,2021-2024,qb_changed + rolling_mov_3 + frozen QB overlay,"Platt + frozen QB overlay (logit-space, gated changed OR starts<17, gamma=1.0, cap=40)",0.6305,0.62,36,40,0.1,32,0.2,1.0,40,1,0.0,0.0,oracle,,,0,0,1,0,0,0.1126,0.8271,0.1126,0
2026_01_MIA_LV,2026,1,2026-09-13,MIA,LV,0.40966724279141054,0.40966724279141054,MIA,50-55,v3.0.0,2026-06-29,2021-2024,qb_changed + rolling_mov_3 + frozen QB overlay,"Platt + frozen QB overlay (logit-space, gated changed OR starts<17, gamma=1.0, cap=40)",0.6305,0.62,36,40,0.1,32,0.2,1.0,40,1,0.0,0.0,oracle,,,0,0,1,0,1,0.2272,0.6369,0.2272,0
2026_01_GB_MIN,2026,1,2026-09-13,GB,MIN,0.5950396472665254,0.5950396472665254,MIN,55-60,v3.0.0,2026-06-29,2021-2024,qb_changed + rolling_mov_3 + frozen QB overlay,"Platt + frozen QB overlay (logit-space, gated changed OR starts<17, gamma=1.0, cap=40)",0.6305,0.62,36,40,0.1,32,0.2,1.0,40,1,0.0,0.0,oracle,,,0,0,1,0,0,-0.0994,0.4957,-0.0994,0
2026_01_WAS_PHI,2026,1,2026-09-13,WAS,PHI,0.6545328190211509,0.6545328190211509,PHI,65-70,v3.0.0,2026-06-29,2021-2024,qb_changed + rolling_mov_3 + frozen QB overlay,"Platt + frozen QB overlay (logit-space, gated changed OR starts<17, gamma=1.0, cap=40)",0.6305,0.62,36,40,0.1,32,0.2,1.0,40,1,0.0,0.0,oracle,,,0,0,1,0,0,0.0029,0.6575,0.0029,0
2026_01_DAL_NYG,2026,1,2026-09-13,DAL,NYG,0.4547180320840397,0.4547180320840397,DAL,50-55,v3.0.0,2026-06-29,2021-2024,qb_changed + rolling_mov_3 + frozen QB overlay,"Platt + frozen QB overlay (logit-space, gated changed OR starts<17, gamma=1.0, cap=40)",0.6305,0.62,36,40,0.1,32,0.2,1.0,40,1,0.0,0.0,oracle,,,0,0,1,0,0,-0.0268,0.4279,-0.0268,0
2026_01_DEN_KC,2026,1,2026-09-14,DEN,KC,0.3551524354411079,0.3551524354411079,DEN,50-55,v3.0.0,2026-06-29,2021-2024,qb_changed + rolling_mov_3 + frozen QB overlay,"Platt + frozen QB overlay (logit-space, gated changed OR starts<17, gamma=1.0, cap=40)",0.6305,0.62,36,40,0.1,32,0.2,1.0,40,1,0.0,0.0,oracle,,,0,0,1,0,1,0.2382,0.5934,0.2382,0
2026_02_DET_BUF,2026,2,2026-09-17,DET,BUF,0.5937313902297224,0.5937313902297224,BUF,55-60,v3.0.0,2026-06-29,2021-2024,qb_changed + rolling_mov_3 + frozen QB overlay,"Platt + frozen QB overlay (logit-space, gated changed OR starts<17, gamma=1.0, cap=40)",0.6305,0.62,36,40,0.1,32,0.2,1.0,40,1,0.0,0.0,oracle,,,0,0,1,0,0,-0.0107,0.583,-0.0107,0
2026_02_CAR_ATL,2026,2,2026-09-20,CAR,ATL,0.5978579617839149,0.5978579617839149,ATL,55-60,v3.0.0,2026-06-29,2021-2024,qb_changed + rolling_mov_3 + frozen QB overlay,"Platt + frozen QB overlay (logit-space, gated changed OR starts<17, gamma=1.0, cap=40)",0.6305,0.62,36,40,0.1,32,0.2,1.0,40,1,0.0,0.0,oracle,,,0,0,1,0,0,-0.0654,0.5325,-0.0654,0
2026_02_NO_BAL,2026,2,2026-09-20,NO,BAL,0.6148088015186177,0.6148088015186177,BAL,60-65,v3.0.0,2026-06-29,2021-2024,qb_changed + rolling_mov_3 + frozen QB overlay,"Platt + frozen QB overlay (logit-space, gated changed OR starts<17, gamma=1.0, cap=40)",0.6305,0.62,36,40,0.1,32,0.2,1.0,40,1,0.0,0.0,oracle,,,0,0,1,0,0,0.133,0.7478,0.133,0
2026_02_MIN_CHI,2026,2,2026-09-20,MIN,CHI,0.5107948691748162,0.5107948691748162,CHI,50-55,v3.0.0,2026-06-29,2021-2024,qb_changed + rolling_mov_3 + frozen QB overlay,"Platt + frozen QB overlay (logit-space, gated changed OR starts<17, gamma=1.0, cap=40)",0.6305,0.62,36,40,0.1,32,0.2,1.0,40,1,0.0,0.0,oracle,,,0,0,1,0,0,0.1117,0.6225,0.1117,0
2026_02_CIN_HOU,2026,2,2026-09-20,CIN,HOU,0.693847145953919,0.6938471459539189,HOU,65-70,v3.0.0,2026-06-29,2021-2024,qb_changed + rolling_mov_3 + frozen QB overlay,"Platt + frozen QB overlay (logit-space, gated changed OR starts<17, gamma=1.0, cap=40)",0.6305,0.62,36,40,0.1,32,0.2,1.0,40,1,0.0,0.0,oracle,,,0,0,1,0,0,-0.1424,0.5514,-0.1424,0
2026_02_PIT_NE,2026,2,2026-09-20,PIT,NE,0.6372346748234157,0.6372346748234157,NE,60-65,v3.0.0,2026-06-29,2021-2024,qb_changed + rolling_mov_3 + frozen QB overlay,"Platt + frozen QB overlay (logit-space, gated changed OR starts<17, gamma=1.0, cap=40)",0.6305,0.62,36,40,0.1,32,0.2,1.0,40,1,0.0,0.0,oracle,,,0,0,1,0,0,0.0264,0.6636,0.0264,0
2026_02_GB_NYJ,2026,2,2026-09-20,GB,NYJ,0.38580910515893047,0.3858091051589304,GB,50-55,v3.0.0,2026-06-29,2021-2024,qb_changed + rolling_mov_3 + frozen QB overlay,"Platt + frozen QB overlay (logit-space, gated changed OR starts<17, gamma=1.0, cap=40)",0.6305,0.62,36,40,0.1,32,0.2,1.0,40,1,0.0,0.0,oracle,,,0,0,1,0,0,-0.0816,0.3042,-0.0816,0
2026_02_CLE_TB,2026,2,2026-09-20,CLE,TB,0.586272380238064,0.586272380238064,TB,55-60,v3.0.0,2026-06-29,2021-2024,qb_changed + rolling_mov_3 + frozen QB overlay,"Platt + frozen QB overlay (logit-space, gated changed OR starts<17, gamma=1.0, cap=40)",0.6305,0.62,36,40,0.1,32,0.2,1.0,40,1,0.0,0.0,oracle,,,0,0,1,0,0,0.1045,0.6908,0.1045,0
2026_02_PHI_TEN,2026,2,2026-09-20,PHI,TEN,0.322476728116013,0.322476728116013,PHI,50-55,v3.0.0,2026-06-29,2021-2024,qb_changed + rolling_mov_3 + frozen QB overlay,"Platt + frozen QB overlay (logit-space, gated changed OR starts<17, gamma=1.0, cap=40)",0.6305,0.62,36,40,0.1,32,0.2,1.0,40,1,0.0,0.0,oracle,,,0,0,1,0,0,0.0328,0.3553,0.0328,0
2026_02_JAX_DEN,2026,2,2026-09-20,JAX,DEN,0.5971683641191661,0.5971683641191661,DEN,55-60,v3.0.0,2026-06-29,2021-2024,qb_changed + rolling_mov_3 + frozen QB overlay,"Platt + frozen QB overlay (logit-space, gated changed OR starts<17, gamma=1.0, cap=40)",0.6305,0.62,36,40,0.1,32,0.2,1.0,40,1,0.0,0.0,oracle,,,0,0,1,0,0,-0.0337,0.5635,-0.0337,0
2026_02_LV_LAC,2026,2,2026-09-20,LV,LAC,0.7167520425538412,0.7167520425538412,LAC,70-80,v3.0.0,2026-06-29,2021-2024,qb_changed + rolling_mov_3 + frozen QB overlay,"Platt + frozen QB overlay (logit-space, gated changed OR starts<17, gamma=1.0, cap=40)",0.6305,0.62,36,40,0.1,32,0.2,1.0,40,1,0.0,0.0,oracle,,,0,0,1,0,0,0.0601,0.7768,0.0601,0
2026_02_SEA_ARI,2026,2,2026-09-20,SEA,ARI,0.22330357961658162,0.22330357961658162,SEA,50-55,v3.0.0,2026-06-29,2021-2024,qb_changed + rolling_mov_3 + frozen QB overlay,"Platt + frozen QB overlay (logit-space, gated changed OR starts<17, gamma=1.0, cap=40)",0.6305,0.62,36,40,0.1,32,0.2,1.0,40,1,0.0,0.0,oracle,,,0,0,1,0,0,-0.0233,0.2,-0.0233,0
2026_02_WAS_DAL,2026,2,2026-09-20,WAS,DAL,0.5606981233570588,0.5606981233570588,DAL,55-60,v3.0.0,2026-06-29,2021-2024,qb_changed + rolling_mov_3 + frozen QB overlay,"Platt + frozen QB overlay (logit-space, gated changed OR starts<17, gamma=1.0, cap=40)",0.6305,0.62,36,40,0.1,32,0.2,1.0,40,1,0.0,0.0,oracle,,,0,0,1,0,0,0.084,0.6447,0.084,0
2026_02_MIA_SF,2026,2,2026-09-20,MIA,SF,0.647091826650135,0.647091826650135,SF,60-65,v3.0.0,2026-06-29,2021-2024,qb_changed + rolling_mov_3 + frozen QB overlay,"Platt + frozen QB overlay (logit-space, gated changed OR starts<17, gamma=1.0, cap=40)",0.6305,0.62,36,40,0.1,32,0.2,1.0,40,1,0.0,0.0,oracle,,,0,0,1,0,1,0.1648,0.8119,0.1648,0
2026_02_IND_KC,2026,2,2026-09-20,IND,KC,0.5433957499633816,0.5433957499633816,KC,50-55,v3.0.0,2026-06-29,2021-2024,qb_changed + rolling_mov_3 + frozen QB overlay,"Platt + frozen QB overlay (logit-space, gated changed OR starts<17, gamma=1.0, cap=40)",0.6305,0.62,36,40,0.1,32,0.2,1.0,40,1,0.0,0.0,oracle,,,0,0,1,0,1,0.1661,0.7095,0.1661,0
2026_02_NYG_LA,2026,2,2026-09-21,NYG,LA,0.725796083785352,0.725796083785352,LA,70-80,v3.0.0,2026-06-29,2021-2024,qb_changed + rolling_mov_3 + frozen QB overlay,"Platt + frozen QB overlay (logit-space, gated changed OR starts<17, gamma=1.0, cap=40)",0.6305,0.62,36,40,0.1,32,0.2,1.0,40,1,0.0,0.0,oracle,,,0,0,1,0,0,0.0314,0.7572,0.0314,0
2026_03_ATL_GB,2026,3,2026-09-24,ATL,GB,0.5464036387054361,0.5464036387054361,GB,50-55,v3.0.0,2026-06-29,2021-2024,qb_changed + rolling_mov_3 + frozen QB overlay,"Platt + frozen QB overlay (logit-space, gated changed OR starts<17, gamma=1.0, cap=40)",0.6305,0.62,36,40,0.1,32,0.2,1.0,40,1,0.0,0.0,oracle,,,0,0,1,0,1,0.2044,0.7508,0.2044,0
2026_03_LAC_BUF,2026,3,2026-09-27,LAC,BUF,0.5975688092894952,0.5975688092894952,BUF,55-60,v3.0.0,2026-06-29,2021-2024,qb_changed + rolling_mov_3 + frozen QB overlay,"Platt + frozen QB overlay (logit-space, gated changed OR starts<17, gamma=1.0, cap=40)",0.6305,0.62,36,40,0.1,32,0.2,1.0,40,1,0.0,0.0,oracle,,,0,0,1,0,0,-0.0042,0.5934,-0.0042,0
2026_03_CAR_CLE,2026,3,2026-09-27,CAR,CLE,0.5104526818518144,0.5104526818518144,CLE,50-55,v3.0.0,2026-06-29,2021-2024,qb_changed + rolling_mov_3 + frozen QB overlay,"Platt + frozen QB overlay (logit-space, gated changed OR starts<17, gamma=1.0, cap=40)",0.6305,0.62,36,40,0.1,32,0.2,1.0,40,1,0.0,0.0,oracle,,,0,0,1,0,0,-0.0429,0.4675,-0.0429,0
2026_03_NYJ_DET,2026,3,2026-09-27,NYJ,DET,0.707931548278181,0.707931548278181,DET,70-80,v3.0.0,2026-06-29,2021-2024,qb_changed + rolling_mov_3 + frozen QB overlay,"Platt + frozen QB overlay (logit-space, gated changed OR starts<17, gamma=1.0, cap=40)",0.6305,0.62,36,40,0.1,32,0.2,1.0,40,1,0.0,0.0,oracle,,,0,0,1,0,0,0.0689,0.7768,0.0689,0
2026_03_HOU_IND,2026,3,2026-09-27,HOU,IND,0.3630380491591969,0.3630380491591969,HOU,50-55,v3.0.0,2026-06-29,2021-2024,qb_changed + rolling_mov_3 + frozen QB overlay,"Platt + frozen QB overlay (logit-space, gated changed OR starts<17, gamma=1.0, cap=40)",0.6305,0.62,36,40,0.1,32,0.2,1.0,40,1,0.0,0.0,oracle,,,0,0,1,0,0,0.1045,0.4675,0.1045,0
2026_03_NE_JAX,2026,3,2026-09-27,NE,JAX,0.48211172125987756,0.48211172125987756,NE,50-55,v3.0.0,2026-06-29,2021-2024,qb_changed + rolling_mov_3 + frozen QB overlay,"Platt + frozen QB overlay (logit-space, gated changed OR starts<17, gamma=1.0, cap=40)",0.6305,0.62,36,40,0.1,32,0.2,1.0,40,1,0.0,0.0,oracle,,,0,0,1,0,0,0.0353,0.5174,0.0353,0
2026_03_KC_MIA,2026,3,2026-09-27,KC,MIA,0.5528911780838505,0.5528911780838505,MIA,55-60,v3.0.0,2026-06-29,2021-2024,qb_changed + rolling_mov_3 + frozen QB overlay,"Platt + frozen QB overlay (logit-space, gated changed OR starts<17, gamma=1.0, cap=40)",0.6305,0.62,36,40,0.1,32,0.2,1.0,40,1,0.0,0.0,oracle,,,0,0,1,0,1,-0.3007,0.2522,-0.3007,0
2026_03_TEN_NYG,2026,3,2026-09-27,TEN,NYG,0.5762641439461248,0.5762641439461248,NYG,55-60,v3.0.0,2026-06-29,2021-2024,qb_changed + rolling_mov_3 + frozen QB overlay,"Platt + frozen QB overlay (logit-space, gated changed OR starts<17, gamma=1.0, cap=40)",0.6305,0.62,36,40,0.1,32,0.2,1.0,40,1,0.0,0.0,oracle,,,0,0,1,0,0,0.0234,0.5996,0.0234,0
2026_03_CIN_PIT,2026,3,2026-09-27,CIN,PIT,0.61508005970331,0.61508005970331,PIT,60-65,v3.0.0,2026-06-29,2021-2024,qb_changed + rolling_mov_3 + frozen QB overlay,"Platt + frozen QB overlay (logit-space, gated changed OR starts<17, gamma=1.0, cap=40)",0.6305,0.62,36,40,0.1,32,0.2,1.0,40,1,0.0,0.0,oracle,,,0,0,1,0,0,-0.1475,0.4675,-0.1475,0
2026_03_SEA_WAS,2026,3,2026-09-27,SEA,WAS,0.28818530092964023,0.2881853009296402,SEA,50-55,v3.0.0,2026-06-29,2021-2024,qb_changed + rolling_mov_3 + frozen QB overlay,"Platt + frozen QB overlay (logit-space, gated changed OR starts<17, gamma=1.0, cap=40)",0.6305,0.62,36,40,0.1,32,0.2,1.0,40,1,0.0,0.0,oracle,,,0,0,1,0,0,0.0809,0.3691,0.0809,0
2026_03_ARI_SF,2026,3,2026-09-27,ARI,SF,0.7372656822647176,0.7372656822647176,SF,70-80,v3.0.0,2026-06-29,2021-2024,qb_changed + rolling_mov_3 + frozen QB overlay,"Platt + frozen QB overlay (logit-space, gated changed OR starts<17, gamma=1.0, cap=40)",0.6305,0.62,36,40,0.1,32,0.2,1.0,40,1,0.0,0.0,oracle,,,0,0,1,0,0,0.0851,0.8223,0.0851,0
2026_03_MIN_TB,2026,3,2026-09-27,MIN,TB,0.4311670792445408,0.4311670792445408,MIN,50-55,v3.0.0,2026-06-29,2021-2024,qb_changed + rolling_mov_3 + frozen QB overlay,"Platt + frozen QB overlay (logit-space, gated changed OR starts<17, gamma=1.0, cap=40)",0.6305,0.62,36,40,0.1,32,0.2,1.0,40,1,0.0,0.0,oracle,,,0,0,1,0,0,0.1013,0.5325,0.1013,0
2026_03_BAL_DAL,2026,3,2026-09-27,BAL,DAL,0.41568938780914794,0.41568938780914794,BAL,50-55,v3.0.0,2026-06-29,2021-2024,qb_changed + rolling_mov_3 + frozen QB overlay,"Platt + frozen QB overlay (logit-space, gated changed OR starts<17, gamma=1.0, cap=40)",0.6305,0.62,36,40,0.1,32,0.2,1.0,40,1,0.0,0.0,oracle,,,0,1,1,0,0,0.0329,0.4486,0.0329,0
2026_03_LV_NO,2026,3,2026-09-27,LV,NO,0.6353696739337066,0.6353696739337066,NO,60-65,v3.0.0,2026-06-29,2021-2024,qb_changed + rolling_mov_3 + frozen QB overlay,"Platt + frozen QB overlay (logit-space, gated changed OR starts<17, gamma=1.0, cap=40)",0.6305,0.62,36,40,0.1,32,0.2,1.0,40,1,0.0,0.0,oracle,,,0,0,1,0,0,-0.0044,0.6309,-0.0044,0
2026_03_LA_DEN,2026,3,2026-09-27,LA,DEN,0.5710068754491547,0.5710068754491547,DEN,55-60,v3.0.0,2026-06-29,2021-2024,qb_changed + rolling_mov_3 + frozen QB overlay,"Platt + frozen QB overlay (logit-space, gated changed OR starts<17, gamma=1.0, cap=40)",0.6305,0.62,36,40,0.1,32,0.2,1.0,40,1,0.0,0.0,oracle,,,0,0,1,0,1,-0.154,0.417,-0.154,0
2026_03_PHI_CHI,2026,3,2026-09-28,PHI,CHI,0.5090161332959123,0.5090161332959123,CHI,50-55,v3.0.0,2026-06-29,2021-2024,qb_changed + rolling_mov_3 + frozen QB overlay,"Platt + frozen QB overlay (logit-space, gated changed OR starts<17, gamma=1.0, cap=40)",0.6305,0.62,36,40,0.1,32,0.2,1.0,40,1,0.0,0.0,oracle,,,0,0,1,0,0,0.0083,0.5174,0.0083,0
2026_04_PIT_CLE,2026,4,2026-10-01,PIT,CLE,0.42040487143983096,0.42040487143983096,PIT,50-55,v3.0.0,2026-06-29,2021-2024,qb_changed + rolling_mov_3 + frozen QB overlay,"Platt + frozen QB overlay (logit-space, gated changed OR starts<17, gamma=1.0, cap=40)",0.6305,0.62,36,40,0.1,32,0.2,1.0,40,1,0.0,0.0,oracle,,,0,0,1,0,0,0.0282,0.4486,0.0282,0
2026_04_IND_WAS,2026,4,2026-10-04,IND,WAS,0.4670014323734142,0.4670014323734142,IND,50-55,v3.0.0,2026-06-29,2021-2024,qb_changed + rolling_mov_3 + frozen QB overlay,"Platt + frozen QB overlay (logit-space, gated changed OR starts<17, gamma=1.0, cap=40)",0.6305,0.62,36,40,0.1,32,0.2,1.0,40,1,0.0,0.0,oracle,,,0,1,1,0,0,0.0504,0.5174,0.0504,0
2026_04_TEN_BAL,2026,4,2026-10-04,TEN,BAL,0.6943603237274764,0.6943603237274764,BAL,65-70,v3.0.0,2026-06-29,2021-2024,qb_changed + rolling_mov_3 + frozen QB overlay,"Platt + frozen QB overlay (logit-space, gated changed OR starts<17, gamma=1.0, cap=40)",0.6305,0.62,36,40,0.1,32,0.2,1.0,40,1,0.0,0.0,oracle,,,0,0,1,0,0,,,,0
2026_04_NE_BUF,2026,4,2026-10-04,NE,BUF,0.5128432258781085,0.5128432258781085,BUF,50-55,v3.0.0,2026-06-29,2021-2024,qb_changed + rolling_mov_3 + frozen QB overlay,"Platt + frozen QB overlay (logit-space, gated changed OR starts<17, gamma=1.0, cap=40)",0.6305,0.62,36,40,0.1,32,0.2,1.0,40,1,0.0,0.0,oracle,,,0,0,1,0,0,,,,0
2026_04_NYJ_CHI,2026,4,2026-10-04,NYJ,CHI,0.6993732117679359,0.6993732117679359,CHI,65-70,v3.0.0,2026-06-29,2021-2024,qb_changed + rolling_mov_3 + frozen QB overlay,"Platt + frozen QB overlay (logit-space, gated changed OR starts<17, gamma=1.0, cap=40)",0.6305,0.62,36,40,0.1,32,0.2,1.0,40,1,0.0,0.0,oracle,,,0,0,1,0,0,0.0665,0.7659,0.0665,0
2026_04_JAX_CIN,2026,4,2026-10-04,JAX,CIN,0.40864990243438887,0.40864990243438887,JAX,50-55,v3.0.0,2026-06-29,2021-2024,qb_changed + rolling_mov_3 + frozen QB overlay,"Platt + frozen QB overlay (logit-space, gated changed OR starts<17, gamma=1.0, cap=40)",0.6305,0.62,36,40,0.1,32,0.2,1.0,40,1,0.0,0.0,oracle,,,0,0,1,0,0,,,,0
2026_04_DAL_HOU,2026,4,2026-10-04,DAL,HOU,0.6814282984231012,0.6814282984231012,HOU,65-70,v3.0.0,2026-06-29,2021-2024,qb_changed + rolling_mov_3 + frozen QB overlay,"Platt + frozen QB overlay (logit-space, gated changed OR starts<17, gamma=1.0, cap=40)",0.6305,0.62,36,40,0.1,32,0.2,1.0,40,1,0.0,0.0,oracle,,,0,0,1,0,0,-0.13,0.5514,-0.13,0
2026_04_ARI_NYG,2026,4,2026-10-04,ARI,NYG,0.5785867016507579,0.5785867016507579,NYG,55-60,v3.0.0,2026-06-29,2021-2024,qb_changed + rolling_mov_3 + frozen QB overlay,"Platt + frozen QB overlay (logit-space, gated changed OR starts<17, gamma=1.0, cap=40)",0.6305,0.62,36,40,0.1,32,0.2,1.0,40,1,0.0,0.0,oracle,,,0,0,1,0,0,,,,0
2026_04_LA_PHI,2026,4,2026-10-04,LA,PHI,0.5012627415968002,0.5012627415968002,PHI,50-55,v3.0.0,2026-06-29,2021-2024,qb_changed + rolling_mov_3 + frozen QB overlay,"Platt + frozen QB overlay (logit-space, gated changed OR starts<17, gamma=1.0, cap=40)",0.6305,0.62,36,40,0.1,32,0.2,1.0,40,1,0.0,0.0,oracle,,,0,0,1,0,0,,,,0
2026_04_GB_TB,2026,4,2026-10-04,GB,TB,0.48991289397741095,0.48991289397741095,GB,50-55,v3.0.0,2026-06-29,2021-2024,qb_changed + rolling_mov_3 + frozen QB overlay,"Platt + frozen QB overlay (logit-space, gated changed OR starts<17, gamma=1.0, cap=40)",0.6305,0.62,36,40,0.1,32,0.2,1.0,40,1,0.0,0.0,oracle,,,0,0,1,0,0,-0.0224,0.4675,-0.0224,0
2026_04_MIA_MIN,2026,4,2026-10-04,MIA,MIN,0.633066458047709,0.633066458047709,MIN,60-65,v3.0.0,2026-06-29,2021-2024,qb_changed + rolling_mov_3 + frozen QB overlay,"Platt + frozen QB overlay (logit-space, gated changed OR starts<17, gamma=1.0, cap=40)",0.6305,0.62,36,40,0.1,32,0.2,1.0,40,1,0.0,0.0,oracle,,,0,0,1,0,0,,,,0
2026_04_KC_LV,2026,4,2026-10-04,KC,LV,0.4238648659357584,0.4238648659357584,KC,50-55,v3.0.0,2026-06-29,2021-2024,qb_changed + rolling_mov_3 + frozen QB overlay,"Platt + frozen QB overlay (logit-space, gated changed OR starts<17, gamma=1.0, cap=40)",0.6305,0.62,36,40,0.1,32,0.2,1.0,40,1,0.0,0.0,oracle,,,0,0,1,0,0,,,,0
2026_04_LAC_SEA,2026,4,2026-10-04,LAC,SEA,0.6847507537836923,0.6847507537836923,SEA,65-70,v3.0.0,2026-06-29,2021-2024,qb_changed + rolling_mov_3 + frozen QB overlay,"Platt + frozen QB overlay (logit-space, gated changed OR starts<17, gamma=1.0, cap=40)",0.6305,0.62,36,40,0.1,32,0.2,1.0,40,1,0.0,0.0,oracle,,,0,0,1,0,0,,,,0
2026_04_DEN_SF,2026,4,2026-10-04,DEN,SF,0.4825796999102264,0.4825796999102264,DEN,50-55,v3.0.0,2026-06-29,2021-2024,qb_changed + rolling_mov_3 + frozen QB overlay,"Platt + frozen QB overlay (logit-space, gated changed OR starts<17, gamma=1.0, cap=40)",0.6305,0.62,36,40,0.1,32,0.2,1.0,40,1,0.0,0.0,oracle,,,0,0,1,0,0,,,,0
2026_04_DET_CAR,2026,4,2026-10-04,DET,CAR,0.42552153910684076,0.4255215391068408,DET,50-55,v3.0.0,2026-06-29,2021-2024,qb_changed + rolling_mov_3 + frozen QB overlay,"Platt + frozen QB overlay (logit-space, gated changed OR starts<17, gamma=1.0, cap=40)",0.6305,0.62,36,40,0.1,32,0.2,1.0,40,1,0.0,0.0,oracle,,,0,0,1,0,0,,,,0
2026_04_ATL_NO,2026,4,2026-10-05,ATL,NO,0.4784557983470152,0.47845579834701524,ATL,50-55,v3.0.0,2026-06-29,2021-2024,qb_changed + rolling_mov_3 + frozen QB overlay,"Platt + frozen QB overlay (logit-space, gated changed OR starts<17, gamma=1.0, cap=40)",0.6305,0.62,36,40,0.1,32,0.2,1.0,40,1,0.0,0.0,oracle,,,0,0,1,0,0,,,,0
2026_05_TB_DAL,2026,5,2026-10-08,TB,DAL,0.5434847989092827,0.5434847989092827,DAL,50-55,v3.0.0,2026-06-29,2021-2024,qb_changed + rolling_mov_3 + frozen QB overlay,"Platt + frozen QB overlay (logit-space, gated changed OR starts<17, gamma=1.0, cap=40)",0.6305,0.62,36,40,0.1,32,0.2,1.0,40,1,0.0,0.0,oracle,,,0,0,0,0,0,,,,0
2026_05_PHI_JAX,2026,5,2026-10-11,PHI,JAX,0.5479208151246447,0.5479208151246447,JAX,50-55,v3.0.0,2026-06-29,2021-2024,qb_changed + rolling_mov_3 + frozen QB overlay,"Platt + frozen QB overlay (logit-space, gated changed OR starts<17, gamma=1.0, cap=40)",0.6305,0.62,36,40,0.1,32,0.2,1.0,40,1,0.0,0.0,oracle,,,0,0,0,0,0,,,,0
2026_05_CIN_MIA,2026,5,2026-10-11,CIN,MIA,0.5561535869413774,0.5561535869413774,MIA,55-60,v3.0.0,2026-06-29,2021-2024,qb_changed + rolling_mov_3 + frozen QB overlay,"Platt + frozen QB overlay (logit-space, gated changed OR starts<17, gamma=1.0, cap=40)",0.6305,0.62,36,40,0.1,32,0.2,1.0,40,1,0.0,0.0,oracle,,,0,0,0,0,0,,,,0
2026_05_LV_NE,2026,5,2026-10-11,LV,NE,0.7670312336221425,0.7670312336221425,NE,70-80,v3.0.0,2026-06-29,2021-2024,qb_changed + rolling_mov_3 + frozen QB overlay,"Platt + frozen QB overlay (logit-space, gated changed OR starts<17, gamma=1.0, cap=40)",0.6305,0.62,36,40,0.1,32,0.2,1.0,40,1,0.0,0.0,oracle,,,0,0,0,0,0,,,,0
2026_05_MIN_NO,2026,5,2026-10-11,MIN,NO,0.4122515036710501,0.4122515036710501,MIN,50-55,v3.0.0,2026-06-29,2021-2024,qb_changed + rolling_mov_3 + frozen QB overlay,"Platt + frozen QB overlay (logit-space, gated changed OR starts<17, gamma=1.0, cap=40)",0.6305,0.62,36,40,0.1,32,0.2,1.0,40,1,0.0,0.0,oracle,,,0,0,0,0,0,,,,0
2026_05_CLE_NYJ,2026,5,2026-10-11,CLE,NYJ,0.48187825783542737,0.48187825783542737,CLE,50-55,v3.0.0,2026-06-29,2021-2024,qb_changed + rolling_mov_3 + frozen QB overlay,"Platt + frozen QB overlay (logit-space, gated changed OR starts<17, gamma=1.0, cap=40)",0.6305,0.62,36,40,0.1,32,0.2,1.0,40,1,0.0,0.0,oracle,,,0,0,0,0,0,,,,0
2026_05_IND_PIT,2026,5,2026-10-11,IND,PIT,0.6165105240879263,0.6165105240879263,PIT,60-65,v3.0.0,2026-06-29,2021-2024,qb_changed + rolling_mov_3 + frozen QB overlay,"Platt + frozen QB overlay (logit-space, gated changed OR starts<17, gamma=1.0, cap=40)",0.6305,0.62,36,40,0.1,32,0.2,1.0,40,1,0.0,0.0,oracle,,,0,0,0,0,0,,,,0
2026_05_HOU_TEN,2026,5,2026-10-11,HOU,TEN,0.279030712260255,0.279030712260255,HOU,50-55,v3.0.0,2026-06-29,2021-2024,qb_changed + rolling_mov_3 + frozen QB overlay,"Platt + frozen QB overlay (logit-space, gated changed OR starts<17, gamma=1.0, cap=40)",0.6305,0.62,36,40,0.1,32,0.2,1.0,40,1,0.0,0.0,oracle,,,0,0,0,0,0,,,,0
2026_05_NYG_WAS,2026,5,2026-10-11,NYG,WAS,0.597090310808096,0.597090310808096,WAS,55-60,v3.0.0,2026-06-29,2021-2024,qb_changed + rolling_mov_3 + frozen QB overlay,"Platt + frozen QB overlay (logit-space, gated changed OR starts<17, gamma=1.0, cap=40)",0.6305,0.62,36,40,0.1,32,0.2,1.0,40,1,0.0,0.0,oracle,,,0,0,0,0,0,,,,0
2026_05_DEN_LAC,2026,5,2026-10-11,DEN,LAC,0.44634459480897076,0.44634459480897076,DEN,50-55,v3.0.0,2026-06-29,2021-2024,qb_changed + rolling_mov_3 + frozen QB overlay,"Platt + frozen QB overlay (logit-space, gated changed OR starts<17, gamma=1.0, cap=40)",0.6305,0.62,36,40,0.1,32,0.2,1.0,40,1,0.0,0.0,oracle,,,0,0,0,0,0,,,,0
2026_05_DET_ARI,2026,5,2026-10-11,DET,ARI,0.3348073449598432,0.3348073449598432,DET,50-55,v3.0.0,2026-06-29,2021-2024,qb_changed + rolling_mov_3 + frozen QB overlay,"Platt + frozen QB overlay (logit-space, gated changed OR starts<17, gamma=1.0, cap=40)",0.6305,0.62,36,40,0.1,32,0.2,1.0,40,1,0.0,0.0,oracle,,,0,0,0,0,0,,,,0
2026_05_CHI_GB,2026,5,2026-10-11,CHI,GB,0.5076243161870431,0.5076243161870431,GB,50-55,v3.0.0,2026-06-29,2021-2024,qb_changed + rolling_mov_3 + frozen QB overlay,"Platt + frozen QB overlay (logit-space, gated changed OR starts<17, gamma=1.0, cap=40)",0.6305,0.62,36,40,0.1,32,0.2,1.0,40,1,0.0,0.0,oracle,,,0,0,0,0,0,,,,0
2026_05_SF_SEA,2026,5,2026-10-11,SF,SEA,0.656552062678536,0.6565520626785362,SEA,65-70,v3.0.0,2026-06-29,2021-2024,qb_changed + rolling_mov_3 + frozen QB overlay,"Platt + frozen QB overlay (logit-space, gated changed OR starts<17, gamma=1.0, cap=40)",0.6305,0.62,36,40,0.1,32,0.2,1.0,40,1,0.0,0.0,oracle,,,0,0,0,0,0,,,,0
2026_05_BAL_ATL,2026,5,2026-10-11,BAL,ATL,0.5181339764702698,0.5181339764702698,ATL,50-55,v3.0.0,2026-06-29,2021-2024,qb_changed + rolling_mov_3 + frozen QB overlay,"Platt + frozen QB overlay (logit-space, gated changed OR starts<17, gamma=1.0, cap=40)",0.6305,0.62,36,40,0.1,32,0.2,1.0,40,1,0.0,0.0,oracle,,,0,0,0,0,0,,,,0
2026_05_BUF_LA,2026,5,2026-10-12,BUF,LA,0.5357408980456996,0.5357408980456996,LA,50-55,v3.0.0,2026-06-29,2021-2024,qb_changed + rolling_mov_3 + frozen QB overlay,"Platt + frozen QB overlay (logit-space, gated changed OR starts<17, gamma=1.0, cap=40)",0.6305,0.62,36,40,0.1,32,0.2,1.0,40,1,0.0,0.0,oracle,,,0,0,0,0,0,,,,0
2026_06_SEA_DEN,2026,6,2026-10-15,SEA,DEN,0.4650127047820978,0.4650127047820978,SEA,50-55,v3.0.0,2026-06-29,2021-2024,qb_changed + rolling_mov_3 + frozen QB overlay,"Platt + frozen QB overlay (logit-space, gated changed OR starts<17, gamma=1.0, cap=40)",0.6305,0.62,36,40,0.1,32,0.2,1.0,40,1,0.0,0.0,oracle,,,0,0,0,0,0,,,,0
2026_06_HOU_JAX,2026,6,2026-10-18,HOU,JAX,0.42420713713875785,0.42420713713875785,HOU,50-55,v3.0.0,2026-06-29,2021-2024,qb_changed + rolling_mov_3 + frozen QB overlay,"Platt + frozen QB overlay (logit-space, gated changed OR starts<17, gamma=1.0, cap=40)",0.6305,0.62,36,40,0.1,32,0.2,1.0,40,1,0.0,0.0,oracle,,,0,1,0,0,0,,,,0
2026_06_CHI_ATL,2026,6,2026-10-18,CHI,ATL,0.49958697531305946,0.49958697531305946,CHI,50-55,v3.0.0,2026-06-29,2021-2024,qb_changed + rolling_mov_3 + frozen QB overlay,"Platt + frozen QB overlay (logit-space, gated changed OR starts<17, gamma=1.0, cap=40)",0.6305,0.62,36,40,0.1,32,0.2,1.0,40,1,0.0,0.0,oracle,,,0,0,0,0,0,,,,0
2026_06_BAL_CLE,2026,6,2026-10-18,BAL,CLE,0.428120820575477,0.428120820575477,BAL,50-55,v3.0.0,2026-06-29,2021-2024,qb_changed + rolling_mov_3 + frozen QB overlay,"Platt + frozen QB overlay (logit-space, gated changed OR starts<17, gamma=1.0, cap=40)",0.6305,0.62,36,40,0.1,32,0.2,1.0,40,1,0.0,0.0,oracle,,,0,0,0,0,0,,,,0
2026_06_TEN_IND,2026,6,2026-10-18,TEN,IND,0.6354895495353857,0.6354895495353857,IND,60-65,v3.0.0,2026-06-29,2021-2024,qb_changed + rolling_mov_3 + frozen QB overlay,"Platt + frozen QB overlay (logit-space, gated changed OR starts<17, gamma=1.0, cap=40)",0.6305,0.62,36,40,0.1,32,0.2,1.0,40,1,0.0,0.0,oracle,,,0,0,0,0,0,,,,0
2026_06_NYJ_NE,2026,6,2026-10-18,NYJ,NE,0.7581564102609665,0.7581564102609665,NE,70-80,v3.0.0,2026-06-29,2021-2024,qb_changed + rolling_mov_3 + frozen QB overlay,"Platt + frozen QB overlay (logit-space, gated changed OR starts<17, gamma=1.0, cap=40)",0.6305,0.62,36,40,0.1,32,0.2,1.0,40,1,0.0,0.0,oracle,,,0,0,0,0,0,,,,0
2026_06_NO_NYG,2026,6,2026-10-18,NO,NYG,0.47921104105556905,0.47921104105556905,NO,50-55,v3.0.0,2026-06-29,2021-2024,qb_changed + rolling_mov_3 + frozen QB overlay,"Platt + frozen QB overlay (logit-space, gated changed OR starts<17, gamma=1.0, cap=40)",0.6305,0.62,36,40,0.1,32,0.2,1.0,40,1,0.0,0.0,oracle,,,0,0,0,0,0,,,,0
2026_06_CAR_PHI,2026,6,2026-10-18,CAR,PHI,0.6574988106728528,0.6574988106728528,PHI,65-70,v3.0.0,2026-06-29,2021-2024,qb_changed + rolling_mov_3 + frozen QB overlay,"Platt + frozen QB overlay (logit-space, gated changed OR starts<17, gamma=1.0, cap=40)",0.6305,0.62,36,40,0.1,32,0.2,1.0,40,1,0.0,0.0,oracle,,,0,0,0,0,0,,,,0
2026_06_PIT_TB,2026,6,2026-10-18,PIT,TB,0.4694199103644434,0.4694199103644434,PIT,50-55,v3.0.0,2026-06-29,2021-2024,qb_changed + rolling_mov_3 + frozen QB overlay,"Platt + frozen QB overlay (logit-space, gated changed OR starts<17, gamma=1.0, cap=40)",0.6305,0.62,36,40,0.1,32,0.2,1.0,40,1,0.0,0.0,oracle,,,0,0,0,0,0,,,,0
2026_06_ARI_LA,2026,6,2026-10-18,ARI,LA,0.750219736282386,0.750219736282386,LA,70-80,v3.0.0,2026-06-29,2021-2024,qb_changed + rolling_mov_3 + frozen QB overlay,"Platt + frozen QB overlay (logit-space, gated changed OR starts<17, gamma=1.0, cap=40)",0.6305,0.62,36,40,0.1,32,0.2,1.0,40,1,0.0,0.0,oracle,,,0,0,0,0,0,,,,0
2026_06_LAC_KC,2026,6,2026-10-18,LAC,KC,0.4422141403161621,0.4422141403161621,LAC,50-55,v3.0.0,2026-06-29,2021-2024,qb_changed + rolling_mov_3 + frozen QB overlay,"Platt + frozen QB overlay (logit-space, gated changed OR starts<17, gamma=1.0, cap=40)",0.6305,0.62,36,40,0.1,32,0.2,1.0,40,1,0.0,0.0,oracle,,,0,0,0,0,0,,,,0
2026_06_BUF_LV,2026,6,2026-10-18,BUF,LV,0.2868679940773521,0.2868679940773521,BUF,50-55,v3.0.0,2026-06-29,2021-2024,qb_changed + rolling_mov_3 + frozen QB overlay,"Platt + frozen QB overlay (logit-space, gated changed OR starts<17, gamma=1.0, cap=40)",0.6305,0.62,36,40,0.1,32,0.2,1.0,40,1,0.0,0.0,oracle,,,0,0,0,0,0,,,,0
2026_06_DAL_GB,2026,6,2026-10-18,DAL,GB,0.5807579766905671,0.5807579766905671,GB,55-60,v3.0.0,2026-06-29,2021-2024,qb_changed + rolling_mov_3 + frozen QB overlay,"Platt + frozen QB overlay (logit-space, gated changed OR starts<17, gamma=1.0, cap=40)",0.6305,0.62,36,40,0.1,32,0.2,1.0,40,1,0.0,0.0,oracle,,,0,0,0,0,0,,,,0
2026_06_WAS_SF,2026,6,2026-10-19,WAS,SF,0.6664029084400248,0.6664029084400248,SF,65-70,v3.0.0,2026-06-29,2021-2024,qb_changed + rolling_mov_3 + frozen QB overlay,"Platt + frozen QB overlay (logit-space, gated changed OR starts<17, gamma=1.0, cap=40)",0.6305,0.62,36,40,0.1,32,0.2,1.0,40,1,0.0,0.0,oracle,,,0,0,0,0,0,,,,0
2026_07_NE_CHI,2026,7,2026-10-22,NE,CHI,0.4429359276983562,0.44293592769835627,NE,50-55,v3.0.0,2026-06-29,2021-2024,qb_changed + rolling_mov_3 + frozen QB overlay,"Platt + frozen QB overlay (logit-space, gated changed OR starts<17, gamma=1.0, cap=40)",0.6305,0.62,36,40,0.1,32,0.2,1.0,40,1,0.0,0.0,oracle,,,0,0,0,0,0,,,,0
2026_07_PIT_NO,2026,7,2026-10-25,PIT,NO,0.38491742275691543,0.38491742275691543,PIT,50-55,v3.0.0,2026-06-29,2021-2024,qb_changed + rolling_mov_3 + frozen QB overlay,"Platt + frozen QB overlay (logit-space, gated changed OR starts<17, gamma=1.0, cap=40)",0.6305,0.62,36,40,0.1,32,0.2,1.0,40,1,0.0,0.0,oracle,,,0,1,0,0,0,,,,0
2026_07_SF_ATL,2026,7,2026-10-25,SF,ATL,0.4550392716141105,0.4550392716141105,SF,50-55,v3.0.0,2026-06-29,2021-2024,qb_changed + rolling_mov_3 + frozen QB overlay,"Platt + frozen QB overlay (logit-space, gated changed OR starts<17, gamma=1.0, cap=40)",0.6305,0.62,36,40,0.1,32,0.2,1.0,40,1,0.0,0.0,oracle,,,0,0,0,0,0,,,,0
2026_07_CIN_BAL,2026,7,2026-10-25,CIN,BAL,0.6079684863529994,0.6079684863529994,BAL,60-65,v3.0.0,2026-06-29,2021-2024,qb_changed + rolling_mov_3 + frozen QB overlay,"Platt + frozen QB overlay (logit-space, gated changed OR starts<17, gamma=1.0, cap=40)",0.6305,0.62,36,40,0.1,32,0.2,1.0,40,1,0.0,0.0,oracle,,,0,0,0,0,0,,,,0
2026_07_TB_CAR,2026,7,2026-10-25,TB,CAR,0.5173762081760441,0.5173762081760441,CAR,50-55,v3.0.0,2026-06-29,2021-2024,qb_changed + rolling_mov_3 + frozen QB overlay,"Platt + frozen QB overlay (logit-space, gated changed OR starts<17, gamma=1.0, cap=40)",0.6305,0.62,36,40,0.1,32,0.2,1.0,40,1,0.0,0.0,oracle,,,0,0,0,0,0,,,,0
2026_07_NYG_HOU,2026,7,2026-10-25,NYG,HOU,0.7377545886311646,0.7377545886311646,HOU,70-80,v3.0.0,2026-06-29,2021-2024,qb_changed + rolling_mov_3 + frozen QB overlay,"Platt + frozen QB overlay (logit-space, gated changed OR starts<17, gamma=1.0, cap=40)",0.6305,0.62,36,40,0.1,32,0.2,1.0,40,1,0.0,0.0,oracle,,,0,0,0,0,0,,,,0
2026_07_IND_MIN,2026,7,2026-10-25,IND,MIN,0.6496115951489562,0.6496115951489562,MIN,60-65,v3.0.0,2026-06-29,2021-2024,qb_changed + rolling_mov_3 + frozen QB overlay,"Platt + frozen QB overlay (logit-space, gated changed OR starts<17, gamma=1.0, cap=40)",0.6305,0.62,36,40,0.1,32,0.2,1.0,40,1,0.0,0.0,oracle,,,0,0,0,0,0,,,,0
2026_07_MIA_NYJ,2026,7,2026-10-25,MIA,NYJ,0.426495440805471,0.426495440805471,MIA,50-55,v3.0.0,2026-06-29,2021-2024,qb_changed + rolling_mov_3 + frozen QB overlay,"Platt + frozen QB overlay (logit-space, gated changed OR starts<17, gamma=1.0, cap=40)",0.6305,0.62,36,40,0.1,32,0.2,1.0,40,1,0.0,0.0,oracle,,,0,0,0,0,0,,,,0
2026_07_CLE_TEN,2026,7,2026-10-25,CLE,TEN,0.4703557897564871,0.4703557897564871,CLE,50-55,v3.0.0,2026-06-29,2021-2024,qb_changed + rolling_mov_3 + frozen QB overlay,"Platt + frozen QB overlay (logit-space, gated changed OR starts<17, gamma=1.0, cap=40)",0.6305,0.62,36,40,0.1,32,0.2,1.0,40,1,0.0,0.0,oracle,,,0,0,0,0,0,,,,0
2026_07_DEN_ARI,2026,7,2026-10-25,DEN,ARI,0.26778312068395016,0.26778312068395016,DEN,50-55,v3.0.0,2026-06-29,2021-2024,qb_changed + rolling_mov_3 + frozen QB overlay,"Platt + frozen QB overlay (logit-space, gated changed OR starts<17, gamma=1.0, cap=40)",0.6305,0.62,36,40,0.1,32,0.2,1.0,40,1,0.0,0.0,oracle,,,0,0,0,0,0,,,,0
2026_07_GB_DET,2026,7,2026-10-25,GB,DET,0.5805102948387749,0.5805102948387749,DET,55-60,v3.0.0,2026-06-29,2021-2024,qb_changed + rolling_mov_3 + frozen QB overlay,"Platt + frozen QB overlay (logit-space, gated changed OR starts<17, gamma=1.0, cap=40)",0.6305,0.62,36,40,0.1,32,0.2,1.0,40,1,0.0,0.0,oracle,,,0,0,0,0,0,,,,0
2026_07_LA_LV,2026,7,2026-10-25,LA,LV,0.2889249163706703,0.2889249163706703,LA,50-55,v3.0.0,2026-06-29,2021-2024,qb_changed + rolling_mov_3 + frozen QB overlay,"Platt + frozen QB overlay (logit-space, gated changed OR starts<17, gamma=1.0, cap=40)",0.6305,0.62,36,40,0.1,32,0.2,1.0,40,1,0.0,0.0,oracle,,,0,0,0,0,0,,,,0
2026_07_KC_SEA,2026,7,2026-10-25,KC,SEA,0.7475756780473509,0.747575678047351,SEA,70-80,v3.0.0,2026-06-29,2021-2024,qb_changed + rolling_mov_3 + frozen QB overlay,"Platt + frozen QB overlay (logit-space, gated changed OR starts<17, gamma=1.0, cap=40)",0.6305,0.62,36,40,0.1,32,0.2,1.0,40,1,0.0,0.0,oracle,,,0,0,0,0,0,,,,0
2026_07_DAL_PHI,2026,7,2026-10-26,DAL,PHI,0.6355626934913701,0.6355626934913701,PHI,60-65,v3.0.0,2026-06-29,2021-2024,qb_changed + rolling_mov_3 + frozen QB overlay,"Platt + frozen QB overlay (logit-space, gated changed OR starts<17, gamma=1.0, cap=40)",0.6305,0.62,36,40,0.1,32,0.2,1.0,40,1,0.0,0.0,oracle,,,0,0,0,0,0,,,,0
2026_08_CAR_GB,2026,8,2026-10-29,CAR,GB,0.6051996032731687,0.6051996032731687,GB,60-65,v3.0.0,2026-06-29,2021-2024,qb_changed + rolling_mov_3 + frozen QB overlay,"Platt + frozen QB overlay (logit-space, gated changed OR starts<17, gamma=1.0, cap=40)",0.6305,0.62,36,40,0.1,32,0.2,1.0,40,1,0.0,0.0,oracle,,,0,0,0,0,0,,,,0
2026_08_BAL_BUF,2026,8,2026-11-01,BAL,BUF,0.6216859154750473,0.6216859154750473,BUF,60-65,v3.0.0,2026-06-29,2021-2024,qb_changed + rolling_mov_3 + frozen QB overlay,"Platt + frozen QB overlay (logit-space, gated changed OR starts<17, gamma=1.0, cap=40)",0.6305,0.62,36,40,0.1,32,0.2,1.0,40,1,0.0,0.0,oracle,,,0,0,0,0,0,,,,0
2026_08_TEN_CIN,2026,8,2026-11-01,TEN,CIN,0.6368593549210635,0.6368593549210635,CIN,60-65,v3.0.0,2026-06-29,2021-2024,qb_changed + rolling_mov_3 + frozen QB overlay,"Platt + frozen QB overlay (logit-space, gated changed OR starts<17, gamma=1.0, cap=40)",0.6305,0.62,36,40,0.1,32,0.2,1.0,40,1,0.0,0.0,oracle,,,0,0,0,0,0,,,,0
2026_08_ARI_DAL,2026,8,2026-11-01,ARI,DAL,0.6530182129882085,0.6530182129882085,DAL,65-70,v3.0.0,2026-06-29,2021-2024,qb_changed + rolling_mov_3 + frozen QB overlay,"Platt + frozen QB overlay (logit-space, gated changed OR starts<17, gamma=1.0, cap=40)",0.6305,0.62,36,40,0.1,32,0.2,1.0,40,1,0.0,0.0,oracle,,,0,0,0,0,0,,,,0
2026_08_MIN_DET,2026,8,2026-11-01,MIN,DET,0.5231218274577846,0.5231218274577846,DET,50-55,v3.0.0,2026-06-29,2021-2024,qb_changed + rolling_mov_3 + frozen QB overlay,"Platt + frozen QB overlay (logit-space, gated changed OR starts<17, gamma=1.0, cap=40)",0.6305,0.62,36,40,0.1,32,0.2,1.0,40,1,0.0,0.0,oracle,,,0,0,0,0,0,,,,0
2026_08_IND_JAX,2026,8,2026-11-01,IND,JAX,0.6588740554443059,0.6588740554443059,JAX,65-70,v3.0.0,2026-06-29,2021-2024,qb_changed + rolling_mov_3 + frozen QB overlay,"Platt + frozen QB overlay (logit-space, gated changed OR starts<17, gamma=1.0, cap=40)",0.6305,0.62,36,40,0.1,32,0.2,1.0,40,1,0.0,0.0,oracle,,,0,0,0,0,0,,,,0
2026_08_LV_NYJ,2026,8,2026-11-01,LV,NYJ,0.5555135709590449,0.5555135709590449,NYJ,55-60,v3.0.0,2026-06-29,2021-2024,qb_changed + rolling_mov_3 + frozen QB overlay,"Platt + frozen QB overlay (logit-space, gated changed OR starts<17, gamma=1.0, cap=40)",0.6305,0.62,36,40,0.1,32,0.2,1.0,40,1,0.0,0.0,oracle,,,0,0,0,0,0,,,,0
2026_08_CLE_PIT,2026,8,2026-11-01,CLE,PIT,0.6476067593699169,0.6476067593699169,PIT,60-65,v3.0.0,2026-06-29,2021-2024,qb_changed + rolling_mov_3 + frozen QB overlay,"Platt + frozen QB overlay (logit-space, gated changed OR starts<17, gamma=1.0, cap=40)",0.6305,0.62,36,40,0.1,32,0.2,1.0,40,1,0.0,0.0,oracle,,,0,0,0,0,0,,,,0
2026_08_ATL_TB,2026,8,2026-11-01,ATL,TB,0.49796190487918307,0.49796190487918296,ATL,50-55,v3.0.0,2026-06-29,2021-2024,qb_changed + rolling_mov_3 + frozen QB overlay,"Platt + frozen QB overlay (logit-space, gated changed OR starts<17, gamma=1.0, cap=40)",0.6305,0.62,36,40,0.1,32,0.2,1.0,40,1,0.0,0.0,oracle,,,0,0,0,0,0,,,,0
2026_08_LAC_LA,2026,8,2026-11-01,LAC,LA,0.5949716576860092,0.5949716576860092,LA,55-60,v3.0.0,2026-06-29,2021-2024,qb_changed + rolling_mov_3 + frozen QB overlay,"Platt + frozen QB overlay (logit-space, gated changed OR starts<17, gamma=1.0, cap=40)",0.6305,0.62,36,40,0.1,32,0.2,1.0,40,1,0.0,0.0,oracle,,,0,0,0,0,0,,,,0
2026_08_KC_DEN,2026,8,2026-11-01,KC,DEN,0.7012766353400829,0.7012766353400829,DEN,70-80,v3.0.0,2026-06-29,2021-2024,qb_changed + rolling_mov_3 + frozen QB overlay,"Platt + frozen QB overlay (logit-space, gated changed OR starts<17, gamma=1.0, cap=40)",0.6305,0.62,36,40,0.1,32,0.2,1.0,40,1,0.0,0.0,oracle,,,0,0,0,0,0,,,,0
2026_08_NE_MIA,2026,8,2026-11-01,NE,MIA,0.37257805466178934,0.37257805466178934,NE,50-55,v3.0.0,2026-06-29,2021-2024,qb_changed + rolling_mov_3 + frozen QB overlay,"Platt + frozen QB overlay (logit-space, gated changed OR starts<17, gamma=1.0, cap=40)",0.6305,0.62,36,40,0.1,32,0.2,1.0,40,1,0.0,0.0,oracle,,,0,0,0,0,0,,,,0
2026_08_PHI_WAS,2026,8,2026-11-01,PHI,WAS,0.41225865346010354,0.41225865346010354,PHI,50-55,v3.0.0,2026-06-29,2021-2024,qb_changed + rolling_mov_3 + frozen QB overlay,"Platt + frozen QB overlay (logit-space, gated changed OR starts<17, gamma=1.0, cap=40)",0.6305,0.62,36,40,0.1,32,0.2,1.0,40,1,0.0,0.0,oracle,,,0,0,0,0,0,,,,0
2026_08_CHI_SEA,2026,8,2026-11-02,CHI,SEA,0.6907833953223098,0.6907833953223098,SEA,65-70,v3.0.0,2026-06-29,2021-2024,qb_changed + rolling_mov_3 + frozen QB overlay,"Platt + frozen QB overlay (logit-space, gated changed OR starts<17, gamma=1.0, cap=40)",0.6305,0.62,36,40,0.1,32,0.2,1.0,40,1,0.0,0.0,oracle,,,0,0,0,0,0,,,,0
2026_09_JAX_BAL,2026,9,2026-11-05,JAX,BAL,0.4808255133545347,0.4808255133545347,JAX,50-55,v3.0.0,2026-06-29,2021-2024,qb_changed + rolling_mov_3 + frozen QB overlay,"Platt + frozen QB overlay (logit-space, gated changed OR starts<17, gamma=1.0, cap=40)",0.6305,0.62,36,40,0.1,32,0.2,1.0,40,1,0.0,0.0,oracle,,,0,0,0,0,0,,,,0
2026_09_CIN_ATL,2026,9,2026-11-08,CIN,ATL,0.5238358460984295,0.5238358460984295,ATL,50-55,v3.0.0,2026-06-29,2021-2024,qb_changed + rolling_mov_3 + frozen QB overlay,"Platt + frozen QB overlay (logit-space, gated changed OR starts<17, gamma=1.0, cap=40)",0.6305,0.62,36,40,0.1,32,0.2,1.0,40,1,0.0,0.0,oracle,,,0,1,0,0,0,,,,0
2026_09_DEN_CAR,2026,9,2026-11-08,DEN,CAR,0.3439733536466584,0.34397335364665843,DEN,50-55,v3.0.0,2026-06-29,2021-2024,qb_changed + rolling_mov_3 + frozen QB overlay,"Platt + frozen QB overlay (logit-space, gated changed OR starts<17, gamma=1.0, cap=40)",0.6305,0.62,36,40,0.1,32,0.2,1.0,40,1,0.0,0.0,oracle,,,0,0,0,0,0,,,,0
2026_09_DAL_IND,2026,9,2026-11-08,DAL,IND,0.5201884658289401,0.5201884658289401,IND,50-55,v3.0.0,2026-06-29,2021-2024,qb_changed + rolling_mov_3 + frozen QB overlay,"Platt + frozen QB overlay (logit-space, gated changed OR starts<17, gamma=1.0, cap=40)",0.6305,0.62,36,40,0.1,32,0.2,1.0,40,1,0.0,0.0,oracle,,,0,0,0,0,0,,,,0
2026_09_NYJ_KC,2026,9,2026-11-08,NYJ,KC,0.6298626257176558,0.6298626257176558,KC,60-65,v3.0.0,2026-06-29,2021-2024,qb_changed + rolling_mov_3 + frozen QB overlay,"Platt + frozen QB overlay (logit-space, gated changed OR starts<17, gamma=1.0, cap=40)",0.6305,0.62,36,40,0.1,32,0.2,1.0,40,1,0.0,0.0,oracle,,,0,0,0,0,0,,,,0
2026_09_DET_MIA,2026,9,2026-11-08,DET,MIA,0.4526396892105848,0.4526396892105848,DET,50-55,v3.0.0,2026-06-29,2021-2024,qb_changed + rolling_mov_3 + frozen QB overlay,"Platt + frozen QB overlay (logit-space, gated changed OR starts<17, gamma=1.0, cap=40)",0.6305,0.62,36,40,0.1,32,0.2,1.0,40,1,0.0,0.0,oracle,,,0,0,0,0,0,,,,0
2026_09_CLE_NO,2026,9,2026-11-08,CLE,NO,0.5678286658491231,0.5678286658491231,NO,55-60,v3.0.0,2026-06-29,2021-2024,qb_changed + rolling_mov_3 + frozen QB overlay,"Platt + frozen QB overlay (logit-space, gated changed OR starts<17, gamma=1.0, cap=40)",0.6305,0.62,36,40,0.1,32,0.2,1.0,40,1,0.0,0.0,oracle,,,0,0,0,0,0,,,,0
2026_09_NYG_PHI,2026,9,2026-11-08,NYG,PHI,0.7009387374071757,0.7009387374071757,PHI,70-80,v3.0.0,2026-06-29,2021-2024,qb_changed + rolling_mov_3 + frozen QB overlay,"Platt + frozen QB overlay (logit-space, gated changed OR starts<17, gamma=1.0, cap=40)",0.6305,0.62,36,40,0.1,32,0.2,1.0,40,1,0.0,0.0,oracle,,,0,0,0,0,0,,,,0
2026_09_LA_WAS,2026,9,2026-11-08,LA,WAS,0.37699437433408467,0.37699437433408467,LA,50-55,v3.0.0,2026-06-29,2021-2024,qb_changed + rolling_mov_3 + frozen QB overlay,"Platt + frozen QB overlay (logit-space, gated changed OR starts<17, gamma=1.0, cap=40)",0.6305,0.62,36,40,0.1,32,0.2,1.0,40,1,0.0,0.0,oracle,,,0,0,0,0,0,,,,0
2026_09_HOU_LAC,2026,9,2026-11-08,HOU,LAC,0.4601033310356892,0.4601033310356893,HOU,50-55,v3.0.0,2026-06-29,2021-2024,qb_changed + rolling_mov_3 + frozen QB overlay,"Platt + frozen QB overlay (logit-space, gated changed OR starts<17, gamma=1.0, cap=40)",0.6305,0.62,36,40,0.1,32,0.2,1.0,40,1,0.0,0.0,oracle,,,0,0,0,0,0,,,,0
2026_09_LV_SF,2026,9,2026-11-08,LV,SF,0.7392808623216981,0.7392808623216981,SF,70-80,v3.0.0,2026-06-29,2021-2024,qb_changed + rolling_mov_3 + frozen QB overlay,"Platt + frozen QB overlay (logit-space, gated changed OR starts<17, gamma=1.0, cap=40)",0.6305,0.62,36,40,0.1,32,0.2,1.0,40,1,0.0,0.0,oracle,,,0,0,0,0,0,,,,0
2026_09_GB_NE,2026,9,2026-11-08,GB,NE,0.6542803654985927,0.6542803654985927,NE,65-70,v3.0.0,2026-06-29,2021-2024,qb_changed + rolling_mov_3 + frozen QB overlay,"Platt + frozen QB overlay (logit-space, gated changed OR starts<17, gamma=1.0, cap=40)",0.6305,0.62,36,40,0.1,32,0.2,1.0,40,1,0.0,0.0,oracle,,,0,0,0,0,0,,,,0
2026_09_ARI_SEA,2026,9,2026-11-08,ARI,SEA,0.7997941379341699,0.7997941379341699,SEA,70-80,v3.0.0,2026-06-29,2021-2024,qb_changed + rolling_mov_3 + frozen QB overlay,"Platt + frozen QB overlay (logit-space, gated changed OR starts<17, gamma=1.0, cap=40)",0.6305,0.62,36,40,0.1,32,0.2,1.0,40,1,0.0,0.0,oracle,,,0,0,0,0,0,,,,0
2026_09_TB_CHI,2026,9,2026-11-08,TB,CHI,0.6140038982661025,0.6140038982661025,CHI,60-65,v3.0.0,2026-06-29,2021-2024,qb_changed + rolling_mov_3 + frozen QB overlay,"Platt + frozen QB overlay (logit-space, gated changed OR starts<17, gamma=1.0, cap=40)",0.6305,0.62,36,40,0.1,32,0.2,1.0,40,1,0.0,0.0,oracle,,,0,0,0,0,0,,,,0
2026_09_BUF_MIN,2026,9,2026-11-09,BUF,MIN,0.4966583388015532,0.4966583388015532,BUF,50-55,v3.0.0,2026-06-29,2021-2024,qb_changed + rolling_mov_3 + frozen QB overlay,"Platt + frozen QB overlay (logit-space, gated changed OR starts<17, gamma=1.0, cap=40)",0.6305,0.62,36,40,0.1,32,0.2,1.0,40,1,0.0,0.0,oracle,,,0,0,0,0,0,,,,0
2026_10_WAS_NYG,2026,10,2026-11-12,WAS,NYG,0.47742004302262026,0.47742004302262026,WAS,50-55,v3.0.0,2026-06-29,2021-2024,qb_changed + rolling_mov_3 + frozen QB overlay,"Platt + frozen QB overlay (logit-space, gated changed OR starts<17, gamma=1.0, cap=40)",0.6305,0.62,36,40,0.1,32,0.2,1.0,40,1,0.0,0.0,oracle,,,0,0,0,0,0,,,,0
2026_10_NE_DET,2026,10,2026-11-15,NE,DET,0.38978289544447,0.38978289544447,NE,50-55,v3.0.0,2026-06-29,2021-2024,qb_changed + rolling_mov_3 + frozen QB overlay,"Platt + frozen QB overlay (logit-space, gated changed OR starts<17, gamma=1.0, cap=40)",0.6305,0.62,36,40,0.1,32,0.2,1.0,40,1,0.0,0.0,oracle,,,0,1,0,0,0,,,,0
2026_10_KC_ATL,2026,10,2026-11-15,KC,ATL,0.5859394956071923,0.5859394956071923,ATL,55-60,v3.0.0,2026-06-29,2021-2024,qb_changed + rolling_mov_3 + frozen QB overlay,"Platt + frozen QB overlay (logit-space, gated changed OR starts<17, gamma=1.0, cap=40)",0.6305,0.62,36,40,0.1,32,0.2,1.0,40,1,0.0,0.0,oracle,,,0,0,0,0,0,,,,0
2026_10_HOU_CLE,2026,10,2026-11-15,HOU,CLE,0.3317431206307827,0.3317431206307827,HOU,50-55,v3.0.0,2026-06-29,2021-2024,qb_changed + rolling_mov_3 + frozen QB overlay,"Platt + frozen QB overlay (logit-space, gated changed OR starts<17, gamma=1.0, cap=40)",0.6305,0.62,36,40,0.1,32,0.2,1.0,40,1,0.0,0.0,oracle,,,0,0,0,0,0,,,,0
2026_10_MIN_GB,2026,10,2026-11-15,MIN,GB,0.47964745237103695,0.47964745237103695,MIN,50-55,v3.0.0,2026-06-29,2021-2024,qb_changed + rolling_mov_3 + frozen QB overlay,"Platt + frozen QB overlay (logit-space, gated changed OR starts<17, gamma=1.0, cap=40)",0.6305,0.62,36,40,0.1,32,0.2,1.0,40,1,0.0,0.0,oracle,,,0,0,0,0,0,,,,0
2026_10_MIA_IND,2026,10,2026-11-15,MIA,IND,0.5190602219732277,0.5190602219732277,IND,50-55,v3.0.0,2026-06-29,2021-2024,qb_changed + rolling_mov_3 + frozen QB overlay,"Platt + frozen QB overlay (logit-space, gated changed OR starts<17, gamma=1.0, cap=40)",0.6305,0.62,36,40,0.1,32,0.2,1.0,40,1,0.0,0.0,oracle,,,0,0,0,0,0,,,,0
2026_10_CAR_NO,2026,10,2026-11-15,CAR,NO,0.5403559027492052,0.5403559027492052,NO,50-55,v3.0.0,2026-06-29,2021-2024,qb_changed + rolling_mov_3 + frozen QB overlay,"Platt + frozen QB overlay (logit-space, gated changed OR starts<17, gamma=1.0, cap=40)",0.6305,0.62,36,40,0.1,32,0.2,1.0,40,1,0.0,0.0,oracle,,,0,0,0,0,0,,,,0
2026_10_BUF_NYJ,2026,10,2026-11-15,BUF,NYJ,0.2998006888123559,0.2998006888123559,BUF,50-55,v3.0.0,2026-06-29,2021-2024,qb_changed + rolling_mov_3 + frozen QB overlay,"Platt + frozen QB overlay (logit-space, gated changed OR starts<17, gamma=1.0, cap=40)",0.6305,0.62,36,40,0.1,32,0.2,1.0,40,1,0.0,0.0,oracle,,,0,0,0,0,0,,,,0
2026_10_JAX_TEN,2026,10,2026-11-15,JAX,TEN,0.31475180977883255,0.31475180977883255,JAX,50-55,v3.0.0,2026-06-29,2021-2024,qb_changed + rolling_mov_3 + frozen QB overlay,"Platt + frozen QB overlay (logit-space, gated changed OR starts<17, gamma=1.0, cap=40)",0.6305,0.62,36,40,0.1,32,0.2,1.0,40,1,0.0,0.0,oracle,,,0,0,0,0,0,,,,0
2026_10_LA_ARI,2026,10,2026-11-15,LA,ARI,0.2914411248587711,0.2914411248587711,LA,50-55,v3.0.0,2026-06-29,2021-2024,qb_changed + rolling_mov_3 + frozen QB overlay,"Platt + frozen QB overlay (logit-space, gated changed OR starts<17, gamma=1.0, cap=40)",0.6305,0.62,36,40,0.1,32,0.2,1.0,40,1,0.0,0.0,oracle,,,0,0,0,0,0,,,,0
2026_10_SEA_LV,2026,10,2026-11-15,SEA,LV,0.2214845894782081,0.2214845894782081,SEA,50-55,v3.0.0,2026-06-29,2021-2024,qb_changed + rolling_mov_3 + frozen QB overlay,"Platt + frozen QB overlay (logit-space, gated changed OR starts<17, gamma=1.0, cap=40)",0.6305,0.62,36,40,0.1,32,0.2,1.0,40,1,0.0,0.0,oracle,,,0,0,0,0,0,,,,0
2026_10_SF_DAL,2026,10,2026-11-15,SF,DAL,0.419906861536884,0.419906861536884,SF,50-55,v3.0.0,2026-06-29,2021-2024,qb_changed + rolling_mov_3 + frozen QB overlay,"Platt + frozen QB overlay (logit-space, gated changed OR starts<17, gamma=1.0, cap=40)",0.6305,0.62,36,40,0.1,32,0.2,1.0,40,1,0.0,0.0,oracle,,,0,0,0,0,0,,,,0
2026_10_PIT_CIN,2026,10,2026-11-15,PIT,CIN,0.45759289178566687,0.45759289178566687,PIT,50-55,v3.0.0,2026-06-29,2021-2024,qb_changed + rolling_mov_3 + frozen QB overlay,"Platt + frozen QB overlay (logit-space, gated changed OR starts<17, gamma=1.0, cap=40)",0.6305,0.62,36,40,0.1,32,0.2,1.0,40,1,0.0,0.0,oracle,,,0,0,0,0,0,,,,0
2026_10_LAC_BAL,2026,10,2026-11-16,LAC,BAL,0.5119470162445343,0.5119470162445343,BAL,50-55,v3.0.0,2026-06-29,2021-2024,qb_changed + rolling_mov_3 + frozen QB overlay,"Platt + frozen QB overlay (logit-space, gated changed OR starts<17, gamma=1.0, cap=40)",0.6305,0.62,36,40,0.1,32,0.2,1.0,40,1,0.0,0.0,oracle,,,0,0,0,0,0,,,,0
2026_11_IND_HOU,2026,11,2026-11-19,IND,HOU,0.6949986298650498,0.6949986298650499,HOU,65-70,v3.0.0,2026-06-29,2021-2024,qb_changed + rolling_mov_3 + frozen QB overlay,"Platt + frozen QB overlay (logit-space, gated changed OR starts<17, gamma=1.0, cap=40)",0.6305,0.62,36,40,0.1,32,0.2,1.0,40,1,0.0,0.0,oracle,,,0,0,0,0,0,,,,0
2026_11_MIA_BUF,2026,11,2026-11-22,MIA,BUF,0.6676580803528672,0.6676580803528672,BUF,65-70,v3.0.0,2026-06-29,2021-2024,qb_changed + rolling_mov_3 + frozen QB overlay,"Platt + frozen QB overlay (logit-space, gated changed OR starts<17, gamma=1.0, cap=40)",0.6305,0.62,36,40,0.1,32,0.2,1.0,40,1,0.0,0.0,oracle,,,0,0,0,0,0,,,,0
2026_11_BAL_CAR,2026,11,2026-11-22,BAL,CAR,0.45603543198802615,0.45603543198802615,BAL,50-55,v3.0.0,2026-06-29,2021-2024,qb_changed + rolling_mov_3 + frozen QB overlay,"Platt + frozen QB overlay (logit-space, gated changed OR starts<17, gamma=1.0, cap=40)",0.6305,0.62,36,40,0.1,32,0.2,1.0,40,1,0.0,0.0,oracle,,,0,0,0,0,0,,,,0
2026_11_NO_CHI,2026,11,2026-11-22,NO,CHI,0.6311049049593634,0.6311049049593634,CHI,60-65,v3.0.0,2026-06-29,2021-2024,qb_changed + rolling_mov_3 + frozen QB overlay,"Platt + frozen QB overlay (logit-space, gated changed OR starts<17, gamma=1.0, cap=40)",0.6305,0.62,36,40,0.1,32,0.2,1.0,40,1,0.0,0.0,oracle,,,0,0,0,0,0,,,,0
2026_11_TEN_DAL,2026,11,2026-11-22,TEN,DAL,0.6510077244911657,0.6510077244911657,DAL,65-70,v3.0.0,2026-06-29,2021-2024,qb_changed + rolling_mov_3 + frozen QB overlay,"Platt + frozen QB overlay (logit-space, gated changed OR starts<17, gamma=1.0, cap=40)",0.6305,0.62,36,40,0.1,32,0.2,1.0,40,1,0.0,0.0,oracle,,,0,0,0,0,0,,,,0
2026_11_TB_DET,2026,11,2026-11-22,TB,DET,0.6249428459262849,0.6249428459262849,DET,60-65,v3.0.0,2026-06-29,2021-2024,qb_changed + rolling_mov_3 + frozen QB overlay,"Platt + frozen QB overlay (logit-space, gated changed OR starts<17, gamma=1.0, cap=40)",0.6305,0.62,36,40,0.1,32,0.2,1.0,40,1,0.0,0.0,oracle,,,0,0,0,0,0,,,,0
2026_11_ARI_KC,2026,11,2026-11-22,ARI,KC,0.641777527187911,0.641777527187911,KC,60-65,v3.0.0,2026-06-29,2021-2024,qb_changed + rolling_mov_3 + frozen QB overlay,"Platt + frozen QB overlay (logit-space, gated changed OR starts<17, gamma=1.0, cap=40)",0.6305,0.62,36,40,0.1,32,0.2,1.0,40,1,0.0,0.0,oracle,,,0,0,0,0,0,,,,0
2026_11_JAX_NYG,2026,11,2026-11-22,JAX,NYG,0.3472021094734833,0.3472021094734833,JAX,50-55,v3.0.0,2026-06-29,2021-2024,qb_changed + rolling_mov_3 + frozen QB overlay,"Platt + frozen QB overlay (logit-space, gated changed OR starts<17, gamma=1.0, cap=40)",0.6305,0.62,36,40,0.1,32,0.2,1.0,40,1,0.0,0.0,oracle,,,0,0,0,0,0,,,,0
2026_11_NYJ_LAC,2026,11,2026-11-22,NYJ,LAC,0.7050876614733383,0.7050876614733383,LAC,70-80,v3.0.0,2026-06-29,2021-2024,qb_changed + rolling_mov_3 + frozen QB overlay,"Platt + frozen QB overlay (logit-space, gated changed OR starts<17, gamma=1.0, cap=40)",0.6305,0.62,36,40,0.1,32,0.2,1.0,40,1,0.0,0.0,oracle,,,0,0,0,0,0,,,,0
2026_11_LV_DEN,2026,11,2026-11-22,LV,DEN,0.7693769307840498,0.7693769307840498,DEN,70-80,v3.0.0,2026-06-29,2021-2024,qb_changed + rolling_mov_3 + frozen QB overlay,"Platt + frozen QB overlay (logit-space, gated changed OR starts<17, gamma=1.0, cap=40)",0.6305,0.62,36,40,0.1,32,0.2,1.0,40,1,0.0,0.0,oracle,,,0,0,0,0,0,,,,0
2026_11_PIT_PHI,2026,11,2026-11-22,PIT,PHI,0.5775609130260602,0.5775609130260602,PHI,55-60,v3.0.0,2026-06-29,2021-2024,qb_changed + rolling_mov_3 + frozen QB overlay,"Platt + frozen QB overlay (logit-space, gated changed OR starts<17, gamma=1.0, cap=40)",0.6305,0.62,36,40,0.1,32,0.2,1.0,40,1,0.0,0.0,oracle,,,0,0,0,0,0,,,,0
2026_11_MIN_SF,2026,11,2026-11-22,MIN,SF,0.48784977416433883,0.48784977416433883,MIN,50-55,v3.0.0,2026-06-29,2021-2024,qb_changed + rolling_mov_3 + frozen QB overlay,"Platt + frozen QB overlay (logit-space, gated changed OR starts<17, gamma=1.0, cap=40)",0.6305,0.62,36,40,0.1,32,0.2,1.0,40,1,0.0,0.0,oracle,,,0,1,0,0,0,,,,0
2026_11_CIN_WAS,2026,11,2026-11-23,CIN,WAS,0.532767783856219,0.532767783856219,WAS,50-55,v3.0.0,2026-06-29,2021-2024,qb_changed + rolling_mov_3 + frozen QB overlay,"Platt + frozen QB overlay (logit-space, gated changed OR starts<17, gamma=1.0, cap=40)",0.6305,0.62,36,40,0.1,32,0.2,1.0,40,1,0.0,0.0,oracle,,,0,0,0,0,0,,,,0
2026_12_GB_LA,2026,12,2026-11-25,GB,LA,0.6301697537892753,0.6301697537892753,LA,60-65,v3.0.0,2026-06-29,2021-2024,qb_changed + rolling_mov_3 + frozen QB overlay,"Platt + frozen QB overlay (logit-space, gated changed OR starts<17, gamma=1.0, cap=40)",0.6305,0.62,36,40,0.1,32,0.2,1.0,40,1,0.0,0.0,oracle,,,0,0,0,0,0,,,,0
2026_12_CHI_DET,2026,12,2026-11-26,CHI,DET,0.5506426144453236,0.5506426144453236,DET,55-60,v3.0.0,2026-06-29,2021-2024,qb_changed + rolling_mov_3 + frozen QB overlay,"Platt + frozen QB overlay (logit-space, gated changed OR starts<17, gamma=1.0, cap=40)",0.6305,0.62,36,40,0.1,32,0.2,1.0,40,1,0.0,0.0,oracle,,,0,0,0,0,0,,,,0
2026_12_PHI_DAL,2026,12,2026-11-26,PHI,DAL,0.43437915169843777,0.43437915169843777,PHI,50-55,v3.0.0,2026-06-29,2021-2024,qb_changed + rolling_mov_3 + frozen QB overlay,"Platt + frozen QB overlay (logit-space, gated changed OR starts<17, gamma=1.0, cap=40)",0.6305,0.62,36,40,0.1,32,0.2,1.0,40,1,0.0,0.0,oracle,,,0,0,0,0,0,,,,0
2026_12_KC_BUF,2026,12,2026-11-26,KC,BUF,0.6789725041903146,0.6789725041903146,BUF,65-70,v3.0.0,2026-06-29,2021-2024,qb_changed + rolling_mov_3 + frozen QB overlay,"Platt + frozen QB overlay (logit-space, gated changed OR starts<17, gamma=1.0, cap=40)",0.6305,0.62,36,40,0.1,32,0.2,1.0,40,1,0.0,0.0,oracle,,,0,0,0,0,0,,,,0
2026_12_DEN_PIT,2026,12,2026-11-27,DEN,PIT,0.4277851028679302,0.4277851028679302,DEN,50-55,v3.0.0,2026-06-29,2021-2024,qb_changed + rolling_mov_3 + frozen QB overlay,"Platt + frozen QB overlay (logit-space, gated changed OR starts<17, gamma=1.0, cap=40)",0.6305,0.62,36,40,0.1,32,0.2,1.0,40,1,0.0,0.0,oracle,,,0,0,0,0,0,,,,0
2026_12_NO_CIN,2026,12,2026-11-29,NO,CIN,0.5459956155870935,0.5459956155870935,CIN,50-55,v3.0.0,2026-06-29,2021-2024,qb_changed + rolling_mov_3 + frozen QB overlay,"Platt + frozen QB overlay (logit-space, gated changed OR starts<17, gamma=1.0, cap=40)",0.6305,0.62,36,40,0.1,32,0.2,1.0,40,1,0.0,0.0,oracle,,,0,0,0,0,0,,,,0
2026_12_LV_CLE,2026,12,2026-11-29,LV,CLE,0.6088755320980958,0.6088755320980958,CLE,60-65,v3.0.0,2026-06-29,2021-2024,qb_changed + rolling_mov_3 + frozen QB overlay,"Platt + frozen QB overlay (logit-space, gated changed OR starts<17, gamma=1.0, cap=40)",0.6305,0.62,36,40,0.1,32,0.2,1.0,40,1,0.0,0.0,oracle,,,0,0,0,0,0,,,,0
2026_12_BAL_HOU,2026,12,2026-11-29,BAL,HOU,0.6362501430958075,0.6362501430958075,HOU,60-65,v3.0.0,2026-06-29,2021-2024,qb_changed + rolling_mov_3 + frozen QB overlay,"Platt + frozen QB overlay (logit-space, gated changed OR starts<17, gamma=1.0, cap=40)",0.6305,0.62,36,40,0.1,32,0.2,1.0,40,1,0.0,0.0,oracle,,,0,0,0,0,0,,,,0
2026_12_NYG_IND,2026,12,2026-11-29,NYG,IND,0.6009652412159427,0.6009652412159427,IND,60-65,v3.0.0,2026-06-29,2021-2024,qb_changed + rolling_mov_3 + frozen QB overlay,"Platt + frozen QB overlay (logit-space, gated changed OR starts<17, gamma=1.0, cap=40)",0.6305,0.62,36,40,0.1,32,0.2,1.0,40,1,0.0,0.0,oracle,,,0,0,0,0,0,,,,0
2026_12_NYJ_MIA,2026,12,2026-11-29,NYJ,MIA,0.6423831155496235,0.6423831155496235,MIA,60-65,v3.0.0,2026-06-29,2021-2024,qb_changed + rolling_mov_3 + frozen QB overlay,"Platt + frozen QB overlay (logit-space, gated changed OR starts<17, gamma=1.0, cap=40)",0.6305,0.62,36,40,0.1,32,0.2,1.0,40,1,0.0,0.0,oracle,,,0,0,0,0,0,,,,0
2026_12_ATL_MIN,2026,12,2026-11-29,ATL,MIN,0.6024155143592747,0.6024155143592747,MIN,60-65,v3.0.0,2026-06-29,2021-2024,qb_changed + rolling_mov_3 + frozen QB overlay,"Platt + frozen QB overlay (logit-space, gated changed OR starts<17, gamma=1.0, cap=40)",0.6305,0.62,36,40,0.1,32,0.2,1.0,40,1,0.0,0.0,oracle,,,0,0,0,0,0,,,,0
2026_12_TEN_JAX,2026,12,2026-11-29,TEN,JAX,0.7326546485603059,0.7326546485603059,JAX,70-80,v3.0.0,2026-06-29,2021-2024,qb_changed + rolling_mov_3 + frozen QB overlay,"Platt + frozen QB overlay (logit-space, gated changed OR starts<17, gamma=1.0, cap=40)",0.6305,0.62,36,40,0.1,32,0.2,1.0,40,1,0.0,0.0,oracle,,,0,0,0,0,0,,,,0
2026_12_WAS_ARI,2026,12,2026-11-29,WAS,ARI,0.4362036637263571,0.4362036637263571,WAS,50-55,v3.0.0,2026-06-29,2021-2024,qb_changed + rolling_mov_3 + frozen QB overlay,"Platt + frozen QB overlay (logit-space, gated changed OR starts<17, gamma=1.0, cap=40)",0.6305,0.62,36,40,0.1,32,0.2,1.0,40,1,0.0,0.0,oracle,,,0,0,0,0,0,,,,0
2026_12_SEA_SF,2026,12,2026-11-29,SEA,SF,0.40986845242169573,0.40986845242169573,SEA,50-55,v3.0.0,2026-06-29,2021-2024,qb_changed + rolling_mov_3 + frozen QB overlay,"Platt + frozen QB overlay (logit-space, gated changed OR starts<17, gamma=1.0, cap=40)",0.6305,0.62,36,40,0.1,32,0.2,1.0,40,1,0.0,0.0,oracle,,,0,0,0,0,0,,,,0
2026_12_NE_LAC,2026,12,2026-11-29,NE,LAC,0.45107266426869064,0.4510726642686907,NE,50-55,v3.0.0,2026-06-29,2021-2024,qb_changed + rolling_mov_3 + frozen QB overlay,"Platt + frozen QB overlay (logit-space, gated changed OR starts<17, gamma=1.0, cap=40)",0.6305,0.62,36,40,0.1,32,0.2,1.0,40,1,0.0,0.0,oracle,,,0,0,0,0,0,,,,0
2026_12_CAR_TB,2026,12,2026-11-30,CAR,TB,0.5593472854111703,0.5593472854111703,TB,55-60,v3.0.0,2026-06-29,2021-2024,qb_changed + rolling_mov_3 + frozen QB overlay,"Platt + frozen QB overlay (logit-space, gated changed OR starts<17, gamma=1.0, cap=40)",0.6305,0.62,36,40,0.1,32,0.2,1.0,40,1,0.0,0.0,oracle,,,0,0,0,0,0,,,,0
2026_13_KC_LA,2026,13,2026-12-03,KC,LA,0.6768325638137269,0.6768325638137269,LA,65-70,v3.0.0,2026-06-29,2021-2024,qb_changed + rolling_mov_3 + frozen QB overlay,"Platt + frozen QB overlay (logit-space, gated changed OR starts<17, gamma=1.0, cap=40)",0.6305,0.62,36,40,0.1,32,0.2,1.0,40,1,0.0,0.0,oracle,,,0,0,0,0,0,,,,0
2026_13_DET_ATL,2026,13,2026-12-06,DET,ATL,0.4871904332673344,0.4871904332673345,DET,50-55,v3.0.0,2026-06-29,2021-2024,qb_changed + rolling_mov_3 + frozen QB overlay,"Platt + frozen QB overlay (logit-space, gated changed OR starts<17, gamma=1.0, cap=40)",0.6305,0.62,36,40,0.1,32,0.2,1.0,40,1,0.0,0.0,oracle,,,0,0,0,0,0,,,,0
2026_13_JAX_CHI,2026,13,2026-12-06,JAX,CHI,0.49942824068578207,0.49942824068578207,JAX,50-55,v3.0.0,2026-06-29,2021-2024,qb_changed + rolling_mov_3 + frozen QB overlay,"Platt + frozen QB overlay (logit-space, gated changed OR starts<17, gamma=1.0, cap=40)",0.6305,0.62,36,40,0.1,32,0.2,1.0,40,1,0.0,0.0,oracle,,,0,0,0,0,0,,,,0
2026_13_CIN_CLE,2026,13,2026-12-06,CIN,CLE,0.5009677414920957,0.5009677414920957,CLE,50-55,v3.0.0,2026-06-29,2021-2024,qb_changed + rolling_mov_3 + frozen QB overlay,"Platt + frozen QB overlay (logit-space, gated changed OR starts<17, gamma=1.0, cap=40)",0.6305,0.62,36,40,0.1,32,0.2,1.0,40,1,0.0,0.0,oracle,,,0,0,0,0,0,,,,0
2026_13_GB_NO,2026,13,2026-12-06,GB,NO,0.4704148600381311,0.4704148600381311,GB,50-55,v3.0.0,2026-06-29,2021-2024,qb_changed + rolling_mov_3 + frozen QB overlay,"Platt + frozen QB overlay (logit-space, gated changed OR starts<17, gamma=1.0, cap=40)",0.6305,0.62,36,40,0.1,32,0.2,1.0,40,1,0.0,0.0,oracle,,,0,0,0,0,0,,,,0
2026_13_SF_NYG,2026,13,2026-12-06,SF,NYG,0.3426908010792655,0.3426908010792655,SF,50-55,v3.0.0,2026-06-29,2021-2024,qb_changed + rolling_mov_3 + frozen QB overlay,"Platt + frozen QB overlay (logit-space, gated changed OR starts<17, gamma=1.0, cap=40)",0.6305,0.62,36,40,0.1,32,0.2,1.0,40,1,0.0,0.0,oracle,,,0,0,0,0,0,,,,0
2026_13_LAC_TB,2026,13,2026-12-06,LAC,TB,0.4506243802447485,0.4506243802447485,LAC,50-55,v3.0.0,2026-06-29,2021-2024,qb_changed + rolling_mov_3 + frozen QB overlay,"Platt + frozen QB overlay (logit-space, gated changed OR starts<17, gamma=1.0, cap=40)",0.6305,0.62,36,40,0.1,32,0.2,1.0,40,1,0.0,0.0,oracle,,,0,0,0,0,0,,,,0
2026_13_WAS_TEN,2026,13,2026-12-06,WAS,TEN,0.4386178403392923,0.4386178403392923,WAS,50-55,v3.0.0,2026-06-29,2021-2024,qb_changed + rolling_mov_3 + frozen QB overlay,"Platt + frozen QB overlay (logit-space, gated changed OR starts<17, gamma=1.0, cap=40)",0.6305,0.62,36,40,0.1,32,0.2,1.0,40,1,0.0,0.0,oracle,,,0,0,0,0,0,,,,0
2026_13_PHI_ARI,2026,13,2026-12-06,PHI,ARI,0.32048443486535877,0.32048443486535877,PHI,50-55,v3.0.0,2026-06-29,2021-2024,qb_changed + rolling_mov_3 + frozen QB overlay,"Platt + frozen QB overlay (logit-space, gated changed OR starts<17, gamma=1.0, cap=40)",0.6305,0.62,36,40,0.1,32,0.2,1.0,40,1,0.0,0.0,oracle,,,0,0,0,0,0,,,,0
2026_13_MIA_DEN,2026,13,2026-12-06,MIA,DEN,0.6908172143093142,0.6908172143093141,DEN,65-70,v3.0.0,2026-06-29,2021-2024,qb_changed + rolling_mov_3 + frozen QB overlay,"Platt + frozen QB overlay (logit-space, gated changed OR starts<17, gamma=1.0, cap=40)",0.6305,0.62,36,40,0.1,32,0.2,1.0,40,1,0.0,0.0,oracle,,,0,0,0,0,0,,,,0
2026_13_CAR_MIN,2026,13,2026-12-06,CAR,MIN,0.6560574440045575,0.6560574440045575,MIN,65-70,v3.0.0,2026-06-29,2021-2024,qb_changed + rolling_mov_3 + frozen QB overlay,"Platt + frozen QB overlay (logit-space, gated changed OR starts<17, gamma=1.0, cap=40)",0.6305,0.62,36,40,0.1,32,0.2,1.0,40,1,0.0,0.0,oracle,,,0,0,0,0,0,,,,0
2026_13_BUF_NE,2026,13,2026-12-06,BUF,NE,0.5637339298418552,0.5637339298418552,NE,55-60,v3.0.0,2026-06-29,2021-2024,qb_changed + rolling_mov_3 + frozen QB overlay,"Platt + frozen QB overlay (logit-space, gated changed OR starts<17, gamma=1.0, cap=40)",0.6305,0.62,36,40,0.1,32,0.2,1.0,40,1,0.0,0.0,oracle,,,0,0,0,0,0,,,,0
2026_13_HOU_PIT,2026,13,2026-12-06,HOU,PIT,0.44138663100176195,0.44138663100176195,HOU,50-55,v3.0.0,2026-06-29,2021-2024,qb_changed + rolling_mov_3 + frozen QB overlay,"Platt + frozen QB overlay (logit-space, gated changed OR starts<17, gamma=1.0, cap=40)",0.6305,0.62,36,40,0.1,32,0.2,1.0,40,1,0.0,0.0,oracle,,,0,0,0,0,0,,,,0
2026_13_DAL_SEA,2026,13,2026-12-07,DAL,SEA,0.73982191617216,0.73982191617216,SEA,70-80,v3.0.0,2026-06-29,2021-2024,qb_changed + rolling_mov_3 + frozen QB overlay,"Platt + frozen QB overlay (logit-space, gated changed OR starts<17, gamma=1.0, cap=40)",0.6305,0.62,36,40,0.1,32,0.2,1.0,40,1,0.0,0.0,oracle,,,0,0,0,0,0,,,,0
2026_14_MIN_NE,2026,14,2026-12-10,MIN,NE,0.6032110415483924,0.6032110415483924,NE,60-65,v3.0.0,2026-06-29,2021-2024,qb_changed + rolling_mov_3 + frozen QB overlay,"Platt + frozen QB overlay (logit-space, gated changed OR starts<17, gamma=1.0, cap=40)",0.6305,0.62,36,40,0.1,32,0.2,1.0,40,1,0.0,0.0,oracle,,,0,0,0,0,0,,,,0
2026_14_TB_BAL,2026,14,2026-12-13,TB,BAL,0.5971580588480627,0.5971580588480627,BAL,55-60,v3.0.0,2026-06-29,2021-2024,qb_changed + rolling_mov_3 + frozen QB overlay,"Platt + frozen QB overlay (logit-space, gated changed OR starts<17, gamma=1.0, cap=40)",0.6305,0.62,36,40,0.1,32,0.2,1.0,40,1,0.0,0.0,oracle,,,0,0,0,0,0,,,,0
2026_14_NO_CAR,2026,14,2026-12-13,NO,CAR,0.5366765993245532,0.5366765993245532,CAR,50-55,v3.0.0,2026-06-29,2021-2024,qb_changed + rolling_mov_3 + frozen QB overlay,"Platt + frozen QB overlay (logit-space, gated changed OR starts<17, gamma=1.0, cap=40)",0.6305,0.62,36,40,0.1,32,0.2,1.0,40,1,0.0,0.0,oracle,,,0,0,0,0,0,,,,0
2026_14_ATL_CLE,2026,14,2026-12-13,ATL,CLE,0.4483850376625172,0.4483850376625172,ATL,50-55,v3.0.0,2026-06-29,2021-2024,qb_changed + rolling_mov_3 + frozen QB overlay,"Platt + frozen QB overlay (logit-space, gated changed OR starts<17, gamma=1.0, cap=40)",0.6305,0.62,36,40,0.1,32,0.2,1.0,40,1,0.0,0.0,oracle,,,0,0,0,0,0,,,,0
2026_14_TEN_DET,2026,14,2026-12-13,TEN,DET,0.7156289944643514,0.7156289944643514,DET,70-80,v3.0.0,2026-06-29,2021-2024,qb_changed + rolling_mov_3 + frozen QB overlay,"Platt + frozen QB overlay (logit-space, gated changed OR starts<17, gamma=1.0, cap=40)",0.6305,0.62,36,40,0.1,32,0.2,1.0,40,1,0.0,0.0,oracle,,,0,0,0,0,0,,,,0
2026_14_CHI_MIA,2026,14,2026-12-13,CHI,MIA,0.464966223324448,0.464966223324448,CHI,50-55,v3.0.0,2026-06-29,2021-2024,qb_changed + rolling_mov_3 + frozen QB overlay,"Platt + frozen QB overlay (logit-space, gated changed OR starts<17, gamma=1.0, cap=40)",0.6305,0.62,36,40,0.1,32,0.2,1.0,40,1,0.0,0.0,oracle,,,0,0,0,0,0,,,,0
2026_14_DEN_NYJ,2026,14,2026-12-13,DEN,NYJ,0.2773866722484543,0.2773866722484543,DEN,50-55,v3.0.0,2026-06-29,2021-2024,qb_changed + rolling_mov_3 + frozen QB overlay,"Platt + frozen QB overlay (logit-space, gated changed OR starts<17, gamma=1.0, cap=40)",0.6305,0.62,36,40,0.1,32,0.2,1.0,40,1,0.0,0.0,oracle,,,0,0,0,0,0,,,,0
2026_14_IND_PHI,2026,14,2026-12-13,IND,PHI,0.6510781181494877,0.6510781181494877,PHI,65-70,v3.0.0,2026-06-29,2021-2024,qb_changed + rolling_mov_3 + frozen QB overlay,"Platt + frozen QB overlay (logit-space, gated changed OR starts<17, gamma=1.0, cap=40)",0.6305,0.62,36,40,0.1,32,0.2,1.0,40,1,0.0,0.0,oracle,,,0,0,0,0,0,,,,0
2026_14_HOU_WAS,2026,14,2026-12-13,HOU,WAS,0.3592736464753715,0.3592736464753715,HOU,50-55,v3.0.0,2026-06-29,2021-2024,qb_changed + rolling_mov_3 + frozen QB overlay,"Platt + frozen QB overlay (logit-space, gated changed OR starts<17, gamma=1.0, cap=40)",0.6305,0.62,36,40,0.1,32,0.2,1.0,40,1,0.0,0.0,oracle,,,0,0,0,0,0,,,,0
2026_14_LAC_LV,2026,14,2026-12-13,LAC,LV,0.33543088796021014,0.33543088796021014,LAC,50-55,v3.0.0,2026-06-29,2021-2024,qb_changed + rolling_mov_3 + frozen QB overlay,"Platt + frozen QB overlay (logit-space, gated changed OR starts<17, gamma=1.0, cap=40)",0.6305,0.62,36,40,0.1,32,0.2,1.0,40,1,0.0,0.0,oracle,,,0,0,0,0,0,,,,0
2026_14_KC_CIN,2026,14,2026-12-13,KC,CIN,0.5352079555468244,0.5352079555468244,CIN,50-55,v3.0.0,2026-06-29,2021-2024,qb_changed + rolling_mov_3 + frozen QB overlay,"Platt + frozen QB overlay (logit-space, gated changed OR starts<17, gamma=1.0, cap=40)",0.6305,0.62,36,40,0.1,32,0.2,1.0,40,1,0.0,0.0,oracle,,,0,0,0,0,0,,,,0
2026_14_NYG_SEA,2026,14,2026-12-13,NYG,SEA,0.7827618430899399,0.7827618430899399,SEA,70-80,v3.0.0,2026-06-29,2021-2024,qb_changed + rolling_mov_3 + frozen QB overlay,"Platt + frozen QB overlay (logit-space, gated changed OR starts<17, gamma=1.0, cap=40)",0.6305,0.62,36,40,0.1,32,0.2,1.0,40,1,0.0,0.0,oracle,,,0,0,0,0,0,,,,0
2026_14_LA_SF,2026,14,2026-12-13,LA,SF,0.5160696878876052,0.5160696878876052,SF,50-55,v3.0.0,2026-06-29,2021-2024,qb_changed + rolling_mov_3 + frozen QB overlay,"Platt + frozen QB overlay (logit-space, gated changed OR starts<17, gamma=1.0, cap=40)",0.6305,0.62,36,40,0.1,32,0.2,1.0,40,1,0.0,0.0,oracle,,,0,0,0,0,0,,,,0
2026_14_BUF_GB,2026,14,2026-12-13,BUF,GB,0.43778080807468567,0.43778080807468567,BUF,50-55,v3.0.0,2026-06-29,2021-2024,qb_changed + rolling_mov_3 + frozen QB overlay,"Platt + frozen QB overlay (logit-space, gated changed OR starts<17, gamma=1.0, cap=40)",0.6305,0.62,36,40,0.1,32,0.2,1.0,40,1,0.0,0.0,oracle,,,0,0,0,0,0,,,,0
2026_14_PIT_JAX,2026,14,2026-12-14,PIT,JAX,0.586583308469276,0.586583308469276,JAX,55-60,v3.0.0,2026-06-29,2021-2024,qb_changed + rolling_mov_3 + frozen QB overlay,"Platt + frozen QB overlay (logit-space, gated changed OR starts<17, gamma=1.0, cap=40)",0.6305,0.62,36,40,0.1,32,0.2,1.0,40,1,0.0,0.0,oracle,,,0,0,0,0,0,,,,0
2026_15_SF_LAC,2026,15,2026-12-17,SF,LAC,0.502410011579234,0.502410011579234,LAC,50-55,v3.0.0,2026-06-29,2021-2024,qb_changed + rolling_mov_3 + frozen QB overlay,"Platt + frozen QB overlay (logit-space, gated changed OR starts<17, gamma=1.0, cap=40)",0.6305,0.62,36,40,0.1,32,0.2,1.0,40,1,0.0,0.0,oracle,,,0,0,0,0,0,,,,0
2026_15_SEA_PHI,2026,15,2026-12-19,SEA,PHI,0.39575938535843874,0.3957593853584388,SEA,50-55,v3.0.0,2026-06-29,2021-2024,qb_changed + rolling_mov_3 + frozen QB overlay,"Platt + frozen QB overlay (logit-space, gated changed OR starts<17, gamma=1.0, cap=40)",0.6305,0.62,36,40,0.1,32,0.2,1.0,40,1,0.0,0.0,oracle,,,0,0,0,0,0,,,,0
2026_15_CHI_BUF,2026,15,2026-12-19,CHI,BUF,0.6050779695090787,0.6050779695090787,BUF,60-65,v3.0.0,2026-06-29,2021-2024,qb_changed + rolling_mov_3 + frozen QB overlay,"Platt + frozen QB overlay (logit-space, gated changed OR starts<17, gamma=1.0, cap=40)",0.6305,0.62,36,40,0.1,32,0.2,1.0,40,1,0.0,0.0,oracle,,,0,0,0,0,0,,,,0
2026_15_CIN_CAR,2026,15,2026-12-20,CIN,CAR,0.5291497741113468,0.5291497741113468,CAR,50-55,v3.0.0,2026-06-29,2021-2024,qb_changed + rolling_mov_3 + frozen QB overlay,"Platt + frozen QB overlay (logit-space, gated changed OR starts<17, gamma=1.0, cap=40)",0.6305,0.62,36,40,0.1,32,0.2,1.0,40,1,0.0,0.0,oracle,,,0,0,0,0,0,,,,0
2026_15_MIA_GB,2026,15,2026-12-20,MIA,GB,0.5796881558002415,0.5796881558002415,GB,55-60,v3.0.0,2026-06-29,2021-2024,qb_changed + rolling_mov_3 + frozen QB overlay,"Platt + frozen QB overlay (logit-space, gated changed OR starts<17, gamma=1.0, cap=40)",0.6305,0.62,36,40,0.1,32,0.2,1.0,40,1,0.0,0.0,oracle,,,0,0,0,0,0,,,,0
2026_15_JAX_HOU,2026,15,2026-12-20,JAX,HOU,0.5842974219301198,0.5842974219301198,HOU,55-60,v3.0.0,2026-06-29,2021-2024,qb_changed + rolling_mov_3 + frozen QB overlay,"Platt + frozen QB overlay (logit-space, gated changed OR starts<17, gamma=1.0, cap=40)",0.6305,0.62,36,40,0.1,32,0.2,1.0,40,1,0.0,0.0,oracle,,,0,0,0,0,0,,,,0
2026_15_CLE_NYG,2026,15,2026-12-20,CLE,NYG,0.509398558808258,0.509398558808258,NYG,50-55,v3.0.0,2026-06-29,2021-2024,qb_changed + rolling_mov_3 + frozen QB overlay,"Platt + frozen QB overlay (logit-space, gated changed OR starts<17, gamma=1.0, cap=40)",0.6305,0.62,36,40,0.1,32,0.2,1.0,40,1,0.0,0.0,oracle,,,0,0,0,0,0,,,,0
2026_15_BAL_PIT,2026,15,2026-12-20,BAL,PIT,0.5462932489850175,0.5462932489850175,PIT,50-55,v3.0.0,2026-06-29,2021-2024,qb_changed + rolling_mov_3 + frozen QB overlay,"Platt + frozen QB overlay (logit-space, gated changed OR starts<17, gamma=1.0, cap=40)",0.6305,0.62,36,40,0.1,32,0.2,1.0,40,1,0.0,0.0,oracle,,,0,0,0,0,0,,,,0
2026_15_NO_TB,2026,15,2026-12-20,NO,TB,0.5575385967467313,0.5575385967467313,TB,55-60,v3.0.0,2026-06-29,2021-2024,qb_changed + rolling_mov_3 + frozen QB overlay,"Platt + frozen QB overlay (logit-space, gated changed OR starts<17, gamma=1.0, cap=40)",0.6305,0.62,36,40,0.1,32,0.2,1.0,40,1,0.0,0.0,oracle,,,0,0,0,0,0,,,,0
2026_15_IND_TEN,2026,15,2026-12-20,IND,TEN,0.4344632789158782,0.43446327891587816,IND,50-55,v3.0.0,2026-06-29,2021-2024,qb_changed + rolling_mov_3 + frozen QB overlay,"Platt + frozen QB overlay (logit-space, gated changed OR starts<17, gamma=1.0, cap=40)",0.6305,0.62,36,40,0.1,32,0.2,1.0,40,1,0.0,0.0,oracle,,,0,0,0,0,0,,,,0
2026_15_ATL_WAS,2026,15,2026-12-20,ATL,WAS,0.4802470290807533,0.4802470290807533,ATL,50-55,v3.0.0,2026-06-29,2021-2024,qb_changed + rolling_mov_3 + frozen QB overlay,"Platt + frozen QB overlay (logit-space, gated changed OR starts<17, gamma=1.0, cap=40)",0.6305,0.62,36,40,0.1,32,0.2,1.0,40,1,0.0,0.0,oracle,,,0,0,0,0,0,,,,0
2026_15_NYJ_ARI,2026,15,2026-12-20,NYJ,ARI,0.5247112076443442,0.5247112076443442,ARI,50-55,v3.0.0,2026-06-29,2021-2024,qb_changed + rolling_mov_3 + frozen QB overlay,"Platt + frozen QB overlay (logit-space, gated changed OR starts<17, gamma=1.0, cap=40)",0.6305,0.62,36,40,0.1,32,0.2,1.0,40,1,0.0,0.0,oracle,,,0,0,0,0,0,,,,0
2026_15_DAL_LA,2026,15,2026-12-20,DAL,LA,0.6663346974550209,0.6663346974550209,LA,65-70,v3.0.0,2026-06-29,2021-2024,qb_changed + rolling_mov_3 + frozen QB overlay,"Platt + frozen QB overlay (logit-space, gated changed OR starts<17, gamma=1.0, cap=40)",0.6305,0.62,36,40,0.1,32,0.2,1.0,40,1,0.0,0.0,oracle,,,0,0,0,0,0,,,,0
2026_15_DEN_LV,2026,15,2026-12-20,DEN,LV,0.2654896930008204,0.2654896930008204,DEN,50-55,v3.0.0,2026-06-29,2021-2024,qb_changed + rolling_mov_3 + frozen QB overlay,"Platt + frozen QB overlay (logit-space, gated changed OR starts<17, gamma=1.0, cap=40)",0.6305,0.62,36,40,0.1,32,0.2,1.0,40,1,0.0,0.0,oracle,,,0,0,0,0,0,,,,0
2026_15_DET_MIN,2026,15,2026-12-20,DET,MIN,0.5537472379818875,0.5537472379818875,MIN,55-60,v3.0.0,2026-06-29,2021-2024,qb_changed + rolling_mov_3 + frozen QB overlay,"Platt + frozen QB overlay (logit-space, gated changed OR starts<17, gamma=1.0, cap=40)",0.6305,0.62,36,40,0.1,32,0.2,1.0,40,1,0.0,0.0,oracle,,,0,0,0,0,0,,,,0
2026_15_NE_KC,2026,15,2026-12-21,NE,KC,0.3593708635504379,0.3593708635504379,NE,50-55,v3.0.0,2026-06-29,2021-2024,qb_changed + rolling_mov_3 + frozen QB overlay,"Platt + frozen QB overlay (logit-space, gated changed OR starts<17, gamma=1.0, cap=40)",0.6305,0.62,36,40,0.1,32,0.2,1.0,40,1,0.0,0.0,oracle,,,0,0,0,0,0,,,,0
2026_16_HOU_PHI,2026,16,2026-12-24,HOU,PHI,0.48160255694939236,0.48160255694939236,HOU,50-55,v3.0.0,2026-06-29,2021-2024,qb_changed + rolling_mov_3 + frozen QB overlay,"Platt + frozen QB overlay (logit-space, gated changed OR starts<17, gamma=1.0, cap=40)",0.6305,0.62,36,40,0.1,32,0.2,1.0,40,1,0.0,0.0,oracle,,,0,0,0,0,0,,,,0
2026_16_GB_CHI,2026,16,2026-12-25,GB,CHI,0.5687503658715308,0.5687503658715308,CHI,55-60,v3.0.0,2026-06-29,2021-2024,qb_changed + rolling_mov_3 + frozen QB overlay,"Platt + frozen QB overlay (logit-space, gated changed OR starts<17, gamma=1.0, cap=40)",0.6305,0.62,36,40,0.1,32,0.2,1.0,40,1,0.0,0.0,oracle,,,0,0,0,0,0,,,,0
2026_16_BUF_DEN,2026,16,2026-12-25,BUF,DEN,0.5683126560730711,0.5683126560730711,DEN,55-60,v3.0.0,2026-06-29,2021-2024,qb_changed + rolling_mov_3 + frozen QB overlay,"Platt + frozen QB overlay (logit-space, gated changed OR starts<17, gamma=1.0, cap=40)",0.6305,0.62,36,40,0.1,32,0.2,1.0,40,1,0.0,0.0,oracle,,,0,0,0,0,0,,,,0
2026_16_LA_SEA,2026,16,2026-12-25,LA,SEA,0.6377545358014396,0.6377545358014396,SEA,60-65,v3.0.0,2026-06-29,2021-2024,qb_changed + rolling_mov_3 + frozen QB overlay,"Platt + frozen QB overlay (logit-space, gated changed OR starts<17, gamma=1.0, cap=40)",0.6305,0.62,36,40,0.1,32,0.2,1.0,40,1,0.0,0.0,oracle,,,0,0,0,0,0,,,,0
2026_16_TB_ATL,2026,16,2026-12-27,TB,ATL,0.5779433147254989,0.5779433147254989,ATL,55-60,v3.0.0,2026-06-29,2021-2024,qb_changed + rolling_mov_3 + frozen QB overlay,"Platt + frozen QB overlay (logit-space, gated changed OR starts<17, gamma=1.0, cap=40)",0.6305,0.62,36,40,0.1,32,0.2,1.0,40,1,0.0,0.0,oracle,,,0,0,0,0,0,,,,0
2026_16_CLE_BAL,2026,16,2026-12-27,CLE,BAL,0.6409824300203566,0.6409824300203566,BAL,60-65,v3.0.0,2026-06-29,2021-2024,qb_changed + rolling_mov_3 + frozen QB overlay,"Platt + frozen QB overlay (logit-space, gated changed OR starts<17, gamma=1.0, cap=40)",0.6305,0.62,36,40,0.1,32,0.2,1.0,40,1,0.0,0.0,oracle,,,0,0,0,0,0,,,,0
2026_16_CIN_IND,2026,16,2026-12-27,CIN,IND,0.5369352728254235,0.5369352728254235,IND,50-55,v3.0.0,2026-06-29,2021-2024,qb_changed + rolling_mov_3 + frozen QB overlay,"Platt + frozen QB overlay (logit-space, gated changed OR starts<17, gamma=1.0, cap=40)",0.6305,0.62,36,40,0.1,32,0.2,1.0,40,1,0.0,0.0,oracle,,,0,0,0,0,0,,,,0
2026_16_LAC_MIA,2026,16,2026-12-27,LAC,MIA,0.4567759032046643,0.4567759032046643,LAC,50-55,v3.0.0,2026-06-29,2021-2024,qb_changed + rolling_mov_3 + frozen QB overlay,"Platt + frozen QB overlay (logit-space, gated changed OR starts<17, gamma=1.0, cap=40)",0.6305,0.62,36,40,0.1,32,0.2,1.0,40,1,0.0,0.0,oracle,,,0,0,0,0,0,,,,0
2026_16_WAS_MIN,2026,16,2026-12-27,WAS,MIN,0.6530797201258627,0.6530797201258626,MIN,65-70,v3.0.0,2026-06-29,2021-2024,qb_changed + rolling_mov_3 + frozen QB overlay,"Platt + frozen QB overlay (logit-space, gated changed OR starts<17, gamma=1.0, cap=40)",0.6305,0.62,36,40,0.1,32,0.2,1.0,40,1,0.0,0.0,oracle,,,0,0,0,0,0,,,,0
2026_16_ARI_NO,2026,16,2026-12-27,ARI,NO,0.6324391470206608,0.6324391470206608,NO,60-65,v3.0.0,2026-06-29,2021-2024,qb_changed + rolling_mov_3 + frozen QB overlay,"Platt + frozen QB overlay (logit-space, gated changed OR starts<17, gamma=1.0, cap=40)",0.6305,0.62,36,40,0.1,32,0.2,1.0,40,1,0.0,0.0,oracle,,,0,0,0,0,0,,,,0
2026_16_NE_NYJ,2026,16,2026-12-27,NE,NYJ,0.28075381392523885,0.28075381392523885,NE,50-55,v3.0.0,2026-06-29,2021-2024,qb_changed + rolling_mov_3 + frozen QB overlay,"Platt + frozen QB overlay (logit-space, gated changed OR starts<17, gamma=1.0, cap=40)",0.6305,0.62,36,40,0.1,32,0.2,1.0,40,1,0.0,0.0,oracle,,,0,0,0,0,0,,,,0
2026_16_CAR_PIT,2026,16,2026-12-27,CAR,PIT,0.6234697697873235,0.6234697697873235,PIT,60-65,v3.0.0,2026-06-29,2021-2024,qb_changed + rolling_mov_3 + frozen QB overlay,"Platt + frozen QB overlay (logit-space, gated changed OR starts<17, gamma=1.0, cap=40)",0.6305,0.62,36,40,0.1,32,0.2,1.0,40,1,0.0,0.0,oracle,,,0,0,0,0,0,,,,0
2026_16_TEN_LV,2026,16,2026-12-27,TEN,LV,0.5327265206708157,0.5327265206708157,LV,50-55,v3.0.0,2026-06-29,2021-2024,qb_changed + rolling_mov_3 + frozen QB overlay,"Platt + frozen QB overlay (logit-space, gated changed OR starts<17, gamma=1.0, cap=40)",0.6305,0.62,36,40,0.1,32,0.2,1.0,40,1,0.0,0.0,oracle,,,0,0,0,0,0,,,,0
2026_16_SF_KC,2026,16,2026-12-27,SF,KC,0.4068514214000532,0.40685142140005326,SF,50-55,v3.0.0,2026-06-29,2021-2024,qb_changed + rolling_mov_3 + frozen QB overlay,"Platt + frozen QB overlay (logit-space, gated changed OR starts<17, gamma=1.0, cap=40)",0.6305,0.62,36,40,0.1,32,0.2,1.0,40,1,0.0,0.0,oracle,,,0,0,0,0,0,,,,0
2026_16_JAX_DAL,2026,16,2026-12-27,JAX,DAL,0.42499850003907524,0.42499850003907524,JAX,50-55,v3.0.0,2026-06-29,2021-2024,qb_changed + rolling_mov_3 + frozen QB overlay,"Platt + frozen QB overlay (logit-space, gated changed OR starts<17, gamma=1.0, cap=40)",0.6305,0.62,36,40,0.1,32,0.2,1.0,40,1,0.0,0.0,oracle,,,0,0,0,0,0,,,,0
2026_16_NYG_DET,2026,16,2026-12-28,NYG,DET,0.6885234178092782,0.6885234178092782,DET,65-70,v3.0.0,2026-06-29,2021-2024,qb_changed + rolling_mov_3 + frozen QB overlay,"Platt + frozen QB overlay (logit-space, gated changed OR starts<17, gamma=1.0, cap=40)",0.6305,0.62,36,40,0.1,32,0.2,1.0,40,1,0.0,0.0,oracle,,,0,0,0,0,0,,,,0
2026_17_BAL_CIN,2026,17,2026-12-31,BAL,CIN,0.46549276911645376,0.46549276911645376,BAL,50-55,v3.0.0,2026-06-29,2021-2024,qb_changed + rolling_mov_3 + frozen QB overlay,"Platt + frozen QB overlay (logit-space, gated changed OR starts<17, gamma=1.0, cap=40)",0.6305,0.62,36,40,0.1,32,0.2,1.0,40,1,0.0,0.0,oracle,,,0,0,0,0,0,,,,0
2026_17_NO_ATL,2026,17,2027-01-03,NO,ATL,0.5961375019772536,0.5961375019772536,ATL,55-60,v3.0.0,2026-06-29,2021-2024,qb_changed + rolling_mov_3 + frozen QB overlay,"Platt + frozen QB overlay (logit-space, gated changed OR starts<17, gamma=1.0, cap=40)",0.6305,0.62,36,40,0.1,32,0.2,1.0,40,1,0.0,0.0,oracle,,,0,0,0,0,0,,,,0
2026_17_SEA_CAR,2026,17,2027-01-03,SEA,CAR,0.2855257735630985,0.2855257735630985,SEA,50-55,v3.0.0,2026-06-29,2021-2024,qb_changed + rolling_mov_3 + frozen QB overlay,"Platt + frozen QB overlay (logit-space, gated changed OR starts<17, gamma=1.0, cap=40)",0.6305,0.62,36,40,0.1,32,0.2,1.0,40,1,0.0,0.0,oracle,,,0,0,0,0,0,,,,0
2026_17_IND_CLE,2026,17,2027-01-03,IND,CLE,0.5025752773966148,0.5025752773966148,CLE,50-55,v3.0.0,2026-06-29,2021-2024,qb_changed + rolling_mov_3 + frozen QB overlay,"Platt + frozen QB overlay (logit-space, gated changed OR starts<17, gamma=1.0, cap=40)",0.6305,0.62,36,40,0.1,32,0.2,1.0,40,1,0.0,0.0,oracle,,,0,0,0,0,0,,,,0
2026_17_NYG_DAL,2026,17,2027-01-03,NYG,DAL,0.6176499328405,0.6176499328405,DAL,60-65,v3.0.0,2026-06-29,2021-2024,qb_changed + rolling_mov_3 + frozen QB overlay,"Platt + frozen QB overlay (logit-space, gated changed OR starts<17, gamma=1.0, cap=40)",0.6305,0.62,36,40,0.1,32,0.2,1.0,40,1,0.0,0.0,oracle,,,0,0,0,0,0,,,,0
2026_17_WAS_JAX,2026,17,2027-01-03,WAS,JAX,0.6622555731995461,0.6622555731995461,JAX,65-70,v3.0.0,2026-06-29,2021-2024,qb_changed + rolling_mov_3 + frozen QB overlay,"Platt + frozen QB overlay (logit-space, gated changed OR starts<17, gamma=1.0, cap=40)",0.6305,0.62,36,40,0.1,32,0.2,1.0,40,1,0.0,0.0,oracle,,,0,0,0,0,0,,,,0
2026_17_KC_LAC,2026,17,2027-01-03,KC,LAC,0.6287172097896762,0.6287172097896762,LAC,60-65,v3.0.0,2026-06-29,2021-2024,qb_changed + rolling_mov_3 + frozen QB overlay,"Platt + frozen QB overlay (logit-space, gated changed OR starts<17, gamma=1.0, cap=40)",0.6305,0.62,36,40,0.1,32,0.2,1.0,40,1,0.0,0.0,oracle,,,0,0,0,0,0,,,,0
2026_17_BUF_MIA,2026,17,2027-01-03,BUF,MIA,0.3965987345525612,0.3965987345525612,BUF,50-55,v3.0.0,2026-06-29,2021-2024,qb_changed + rolling_mov_3 + frozen QB overlay,"Platt + frozen QB overlay (logit-space, gated changed OR starts<17, gamma=1.0, cap=40)",0.6305,0.62,36,40,0.1,32,0.2,1.0,40,1,0.0,0.0,oracle,,,0,0,0,0,0,,,,0
2026_17_DEN_NE,2026,17,2027-01-03,DEN,NE,0.5338152585286503,0.5338152585286503,NE,50-55,v3.0.0,2026-06-29,2021-2024,qb_changed + rolling_mov_3 + frozen QB overlay,"Platt + frozen QB overlay (logit-space, gated changed OR starts<17, gamma=1.0, cap=40)",0.6305,0.62,36,40,0.1,32,0.2,1.0,40,1,0.0,0.0,oracle,,,0,0,0,0,0,,,,0
2026_17_MIN_NYJ,2026,17,2027-01-03,MIN,NYJ,0.3334633280678545,0.3334633280678545,MIN,50-55,v3.0.0,2026-06-29,2021-2024,qb_changed + rolling_mov_3 + frozen QB overlay,"Platt + frozen QB overlay (logit-space, gated changed OR starts<17, gamma=1.0, cap=40)",0.6305,0.62,36,40,0.1,32,0.2,1.0,40,1,0.0,0.0,oracle,,,0,0,0,0,0,,,,0
2026_17_LA_TB,2026,17,2027-01-03,LA,TB,0.39342160862457676,0.39342160862457676,LA,50-55,v3.0.0,2026-06-29,2021-2024,qb_changed + rolling_mov_3 + frozen QB overlay,"Platt + frozen QB overlay (logit-space, gated changed OR starts<17, gamma=1.0, cap=40)",0.6305,0.62,36,40,0.1,32,0.2,1.0,40,1,0.0,0.0,oracle,,,0,0,0,0,0,,,,0
2026_17_PIT_TEN,2026,17,2027-01-03,PIT,TEN,0.35678631327804355,0.3567863132780435,PIT,50-55,v3.0.0,2026-06-29,2021-2024,qb_changed + rolling_mov_3 + frozen QB overlay,"Platt + frozen QB overlay (logit-space, gated changed OR starts<17, gamma=1.0, cap=40)",0.6305,0.62,36,40,0.1,32,0.2,1.0,40,1,0.0,0.0,oracle,,,0,0,0,0,0,,,,0
2026_17_LV_ARI,2026,17,2027-01-03,LV,ARI,0.5418787494686118,0.5418787494686118,ARI,50-55,v3.0.0,2026-06-29,2021-2024,qb_changed + rolling_mov_3 + frozen QB overlay,"Platt + frozen QB overlay (logit-space, gated changed OR starts<17, gamma=1.0, cap=40)",0.6305,0.62,36,40,0.1,32,0.2,1.0,40,1,0.0,0.0,oracle,,,0,0,0,0,0,,,,0
2026_17_DET_CHI,2026,17,2027-01-03,DET,CHI,0.5262873954885147,0.5262873954885147,CHI,50-55,v3.0.0,2026-06-29,2021-2024,qb_changed + rolling_mov_3 + frozen QB overlay,"Platt + frozen QB overlay (logit-space, gated changed OR starts<17, gamma=1.0, cap=40)",0.6305,0.62,36,40,0.1,32,0.2,1.0,40,1,0.0,0.0,oracle,,,0,0,0,0,0,,,,0
2026_17_PHI_SF,2026,17,2027-01-03,PHI,SF,0.5530264940418542,0.5530264940418542,SF,55-60,v3.0.0,2026-06-29,2021-2024,qb_changed + rolling_mov_3 + frozen QB overlay,"Platt + frozen QB overlay (logit-space, gated changed OR starts<17, gamma=1.0, cap=40)",0.6305,0.62,36,40,0.1,32,0.2,1.0,40,1,0.0,0.0,oracle,,,0,0,0,0,0,,,,0
2026_17_HOU_GB,2026,17,2027-01-04,HOU,GB,0.4213370897486223,0.4213370897486223,HOU,50-55,v3.0.0,2026-06-29,2021-2024,qb_changed + rolling_mov_3 + frozen QB overlay,"Platt + frozen QB overlay (logit-space, gated changed OR starts<17, gamma=1.0, cap=40)",0.6305,0.62,36,40,0.1,32,0.2,1.0,40,1,0.0,0.0,oracle,,,0,0,0,0,0,,,,0
2026_18_SF_ARI,2026,18,2027-01-10,SF,ARI,0.3086793066201168,0.3086793066201167,SF,50-55,v3.0.0,2026-06-29,2021-2024,qb_changed + rolling_mov_3 + frozen QB overlay,"Platt + frozen QB overlay (logit-space, gated changed OR starts<17, gamma=1.0, cap=40)",0.6305,0.62,36,40,0.1,32,0.2,1.0,40,1,0.0,0.0,oracle,,,0,0,0,0,0,,,,0
2026_18_PIT_BAL,2026,18,2027-01-10,PIT,BAL,0.5306986423259802,0.5306986423259802,BAL,50-55,v3.0.0,2026-06-29,2021-2024,qb_changed + rolling_mov_3 + frozen QB overlay,"Platt + frozen QB overlay (logit-space, gated changed OR starts<17, gamma=1.0, cap=40)",0.6305,0.62,36,40,0.1,32,0.2,1.0,40,1,0.0,0.0,oracle,,,0,0,0,0,0,,,,0
2026_18_NYJ_BUF,2026,18,2027-01-10,NYJ,BUF,0.7439621005087852,0.7439621005087852,BUF,70-80,v3.0.0,2026-06-29,2021-2024,qb_changed + rolling_mov_3 + frozen QB overlay,"Platt + frozen QB overlay (logit-space, gated changed OR starts<17, gamma=1.0, cap=40)",0.6305,0.62,36,40,0.1,32,0.2,1.0,40,1,0.0,0.0,oracle,,,0,0,0,0,0,,,,0
2026_18_ATL_CAR,2026,18,2027-01-10,ATL,CAR,0.476584522108206,0.476584522108206,ATL,50-55,v3.0.0,2026-06-29,2021-2024,qb_changed + rolling_mov_3 + frozen QB overlay,"Platt + frozen QB overlay (logit-space, gated changed OR starts<17, gamma=1.0, cap=40)",0.6305,0.62,36,40,0.1,32,0.2,1.0,40,1,0.0,0.0,oracle,,,0,0,0,0,0,,,,0
2026_18_CLE_CIN,2026,18,2027-01-10,CLE,CIN,0.5750965618654335,0.5750965618654335,CIN,55-60,v3.0.0,2026-06-29,2021-2024,qb_changed + rolling_mov_3 + frozen QB overlay,"Platt + frozen QB overlay (logit-space, gated changed OR starts<17, gamma=1.0, cap=40)",0.6305,0.62,36,40,0.1,32,0.2,1.0,40,1,0.0,0.0,oracle,,,0,0,0,0,0,,,,0
2026_18_LAC_DEN,2026,18,2027-01-10,LAC,DEN,0.6250809184134345,0.6250809184134345,DEN,60-65,v3.0.0,2026-06-29,2021-2024,qb_changed + rolling_mov_3 + frozen QB overlay,"Platt + frozen QB overlay (logit-space, gated changed OR starts<17, gamma=1.0, cap=40)",0.6305,0.62,36,40,0.1,32,0.2,1.0,40,1,0.0,0.0,oracle,,,0,0,0,0,0,,,,0
2026_18_DET_GB,2026,18,2027-01-10,DET,GB,0.4952408568883416,0.4952408568883416,DET,50-55,v3.0.0,2026-06-29,2021-2024,qb_changed + rolling_mov_3 + frozen QB overlay,"Platt + frozen QB overlay (logit-space, gated changed OR starts<17, gamma=1.0, cap=40)",0.6305,0.62,36,40,0.1,32,0.2,1.0,40,1,0.0,0.0,oracle,,,0,0,0,0,0,,,,0
2026_18_TEN_HOU,2026,18,2027-01-10,TEN,HOU,0.7594296392566157,0.7594296392566157,HOU,70-80,v3.0.0,2026-06-29,2021-2024,qb_changed + rolling_mov_3 + frozen QB overlay,"Platt + frozen QB overlay (logit-space, gated changed OR starts<17, gamma=1.0, cap=40)",0.6305,0.62,36,40,0.1,32,0.2,1.0,40,1,0.0,0.0,oracle,,,0,0,0,0,0,,,,0
2026_18_JAX_IND,2026,18,2027-01-10,JAX,IND,0.40711136400034503,0.40711136400034503,JAX,50-55,v3.0.0,2026-06-29,2021-2024,qb_changed + rolling_mov_3 + frozen QB overlay,"Platt + frozen QB overlay (logit-space, gated changed OR starts<17, gamma=1.0, cap=40)",0.6305,0.62,36,40,0.1,32,0.2,1.0,40,1,0.0,0.0,oracle,,,0,0,0,0,0,,,,0
2026_18_LV_KC,2026,18,2027-01-10,LV,KC,0.6446440707346089,0.6446440707346089,KC,60-65,v3.0.0,2026-06-29,2021-2024,qb_changed + rolling_mov_3 + frozen QB overlay,"Platt + frozen QB overlay (logit-space, gated changed OR starts<17, gamma=1.0, cap=40)",0.6305,0.62,36,40,0.1,32,0.2,1.0,40,1,0.0,0.0,oracle,,,0,0,0,0,0,,,,0
2026_18_SEA_LA,2026,18,2027-01-10,SEA,LA,0.43185405721759057,0.43185405721759057,SEA,50-55,v3.0.0,2026-06-29,2021-2024,qb_changed + rolling_mov_3 + frozen QB overlay,"Platt + frozen QB overlay (logit-space, gated changed OR starts<17, gamma=1.0, cap=40)",0.6305,0.62,36,40,0.1,32,0.2,1.0,40,1,0.0,0.0,oracle,,,0,0,0,0,0,,,,0
2026_18_CHI_MIN,2026,18,2027-01-10,CHI,MIN,0.565707133788324,0.565707133788324,MIN,55-60,v3.0.0,2026-06-29,2021-2024,qb_changed + rolling_mov_3 + frozen QB overlay,"Platt + frozen QB overlay (logit-space, gated changed OR starts<17, gamma=1.0, cap=40)",0.6305,0.62,36,40,0.1,32,0.2,1.0,40,1,0.0,0.0,oracle,,,0,0,0,0,0,,,,0
2026_18_MIA_NE,2026,18,2027-01-10,MIA,NE,0.6873313157810234,0.6873313157810234,NE,65-70,v3.0.0,2026-06-29,2021-2024,qb_changed + rolling_mov_3 + frozen QB overlay,"Platt + frozen QB overlay (logit-space, gated changed OR starts<17, gamma=1.0, cap=40)",0.6305,0.62,36,40,0.1,32,0.2,1.0,40,1,0.0,0.0,oracle,,,0,0,0,0,0,,,,0
2026_18_TB_NO,2026,18,2027-01-10,TB,NO,0.5192369500637541,0.5192369500637541,NO,50-55,v3.0.0,2026-06-29,2021-2024,qb_changed + rolling_mov_3 + frozen QB overlay,"Platt + frozen QB overlay (logit-space, gated changed OR starts<17, gamma=1.0, cap=40)",0.6305,0.62,36,40,0.1,32,0.2,1.0,40,1,0.0,0.0,oracle,,,0,0,0,0,0,,,,0
2026_18_PHI_NYG,2026,18,2027-01-10,PHI,NYG,0.35557855645080444,0.35557855645080444,PHI,50-55,v3.0.0,2026-06-29,2021-2024,qb_changed + rolling_mov_3 + frozen QB overlay,"Platt + frozen QB overlay (logit-space, gated changed OR starts<17, gamma=1.0, cap=40)",0.6305,0.62,36,40,0.1,32,0.2,1.0,40,1,0.0,0.0,oracle,,,0,0,0,0,0,,,,0
2026_18_DAL_WAS,2026,18,2027-01-10,DAL,WAS,0.5159833445344664,0.5159833445344664,WAS,50-55,v3.0.0,2026-06-29,2021-2024,qb_changed + rolling_mov_3 + frozen QB overlay,"Platt + frozen QB overlay (logit-space, gated changed OR starts<17, gamma=1.0, cap=40)",0.6305,0.62,36,40,0.1,32,0.2,1.0,40,1,0.0,0.0,oracle,,,0,0,0,0,0,,,,0
